$MeshFormat
4.1 0 8
$EndMeshFormat
$PhysicalNames
4
1 1 "Gamma_D_hot"
1 2 "Gamma_D_cold"
1 3 "Gamma_N_insulated"
2 100 "Omega"
$EndPhysicalNames
$Entities
4 4 1 0
1 0 0 0 0 
2 2.8 0 0 0 
3 2.8 1 0 0 
4 0 1 0 0 
1 -1.000000000583867e-07 -1e-07 -1e-07 2.8000001 1e-07 1e-07 1 3 2 1 -2 
2 2.7999999 -9.999999994736442e-08 -1e-07 2.8000001 1.0000001 1e-07 1 2 2 2 -3 
3 -1.000000000583867e-07 0.9999999000000001 -1e-07 2.8000001 1.0000001 1e-07 1 3 2 3 -4 
4 -1e-07 -9.999999994736442e-08 -1e-07 1e-07 1.0000001 1e-07 1 1 2 4 -1 
1 -1.000000000583867e-07 -9.999999994736442e-08 -1e-07 2.8000001 1.0000001 1e-07 1 100 4 1 2 3 4 
$EndEntities
$Nodes
9 1384 1 1384
0 1 0 1
1
0 0 0
0 2 0 1
2
2.8 0 0
0 3 0 1
3
2.8 1 0
0 4 0 1
4
0 1 0
1 1 0 55
5
6
7
8
9
10
11
12
13
14
15
16
17
18
19
20
21
22
23
24
25
26
27
28
29
30
31
32
33
34
35
36
37
38
39
40
41
42
43
44
45
46
47
48
49
50
51
52
53
54
55
56
57
58
59
0.04999999999999993 0 0
0.09999999999999984 0 0
0.1499999999999997 0 0
0.1999999999999997 0 0
0.2499999999999996 0 0
0.2999999999999995 0 0
0.3499999999999994 0 0
0.3999999999999992 0 0
0.4499999999999992 0 0
0.4999999999999991 0 0
0.549999999999999 0 0
0.5999999999999989 0 0
0.6499999999999988 0 0
0.6999999999999987 0 0
0.7499999999999986 0 0
0.7999999999999985 0 0
0.8499999999999983 0 0
0.8999999999999982 0 0
0.9499999999999982 0 0
0.9999999999999981 0 0
1.049999999999998 0 0
1.099999999999998 0 0
1.149999999999998 0 0
1.199999999999998 0 0
1.249999999999998 0 0
1.299999999999998 0 0
1.349999999999999 0 0
1.399999999999999 0 0
1.449999999999999 0 0
1.499999999999999 0 0
1.549999999999999 0 0
1.599999999999999 0 0
1.649999999999999 0 0
1.699999999999999 0 0
1.749999999999999 0 0
1.799999999999999 0 0
1.849999999999999 0 0
1.899999999999998 0 0
1.949999999999998 0 0
1.999999999999998 0 0
2.049999999999998 0 0
2.099999999999998 0 0
2.149999999999999 0 0
2.199999999999998 0 0
2.249999999999999 0 0
2.299999999999999 0 0
2.349999999999999 0 0
2.399999999999999 0 0
2.449999999999999 0 0
2.499999999999999 0 0
2.549999999999999 0 0
2.599999999999999 0 0
2.649999999999999 0 0
2.699999999999999 0 0
2.75 0 0
1 2 0 19
60
61
62
63
64
65
66
67
68
69
70
71
72
73
74
75
76
77
78
2.8 0.05 0
2.8 0.1 0
2.8 0.15 0
2.8 0.2 0
2.8 0.25 0
2.8 0.3 0
2.8 0.35 0
2.8 0.4 0
2.8 0.45 0
2.8 0.5 0
2.8 0.55 0
2.8 0.6 0
2.8 0.65 0
2.8 0.7 0
2.8 0.75 0
2.8 0.8 0
2.8 0.85 0
2.8 0.9 0
2.8 0.95 0
1 3 0 55
79
80
81
82
83
84
85
86
87
88
89
90
91
92
93
94
95
96
97
98
99
100
101
102
103
104
105
106
107
108
109
110
111
112
113
114
115
116
117
118
119
120
121
122
123
124
125
126
127
128
129
130
131
132
133
2.75 1 0
2.7 1 0
2.65 1 0
2.6 1 0
2.55 1 0
2.5 1 0
2.45 1 0
2.4 1 0
2.350000000000001 1 0
2.300000000000001 1 0
2.250000000000001 1 0
2.200000000000001 1 0
2.150000000000001 1 0
2.100000000000001 1 0
2.050000000000001 1 0
2.000000000000001 1 0
1.950000000000002 1 0
1.900000000000002 1 0
1.850000000000002 1 0
1.800000000000002 1 0
1.750000000000002 1 0
1.700000000000002 1 0
1.650000000000002 1 0
1.600000000000002 1 0
1.550000000000002 1 0
1.500000000000002 1 0
1.450000000000001 1 0
1.400000000000001 1 0
1.350000000000001 1 0
1.300000000000001 1 0
1.250000000000001 1 0
1.200000000000001 1 0
1.150000000000001 1 0
1.100000000000001 1 0
1.050000000000001 1 0
1.000000000000001 1 0
0.9500000000000013 1 0
0.9000000000000015 1 0
0.8500000000000014 1 0
0.8000000000000016 1 0
0.7500000000000013 1 0
0.7000000000000015 1 0
0.6500000000000012 1 0
0.6000000000000014 1 0
0.5500000000000012 1 0
0.5000000000000009 1 0
0.4500000000000011 1 0
0.4000000000000008 1 0
0.350000000000001 1 0
0.3000000000000007 1 0
0.2500000000000004 1 0
0.2000000000000006 1 0
0.1500000000000004 1 0
0.1000000000000005 1 0
0.05000000000000027 1 0
1 4 0 19
134
135
136
137
138
139
140
141
142
143
144
145
146
147
148
149
150
151
152
0 0.95 0
0 0.9 0
0 0.85 0
0 0.8 0
0 0.75 0
0 0.7 0
0 0.65 0
0 0.6 0
0 0.55 0
0 0.5 0
0 0.45 0
0 0.4 0
0 0.35 0
0 0.3 0
0 0.25 0
0 0.2 0
0 0.15 0
0 0.09999999999999998 0
0 0.05000000000000004 0
2 1 0 1232
153
154
155
156
157
158
159
160
161
162
163
164
165
166
167
168
169
170
171
172
173
174
175
176
177
178
179
180
181
182
183
184
185
186
187
188
189
190
191
192
193
194
195
196
197
198
199
200
201
202
203
204
205
206
207
208
209
210
211
212
213
214
215
216
217
218
219
220
221
222
223
224
225
226
227
228
229
230
231
232
233
234
235
236
237
238
239
240
241
242
243
244
245
246
247
248
249
250
251
252
253
254
255
256
257
258
259
260
261
262
263
264
265
266
267
268
269
270
271
272
273
274
275
276
277
278
279
280
281
282
283
284
285
286
287
288
289
290
291
292
293
294
295
296
297
298
299
300
301
302
303
304
305
306
307
308
309
310
311
312
313
314
315
316
317
318
319
320
321
322
323
324
325
326
327
328
329
330
331
332
333
334
335
336
337
338
339
340
341
342
343
344
345
346
347
348
349
350
351
352
353
354
355
356
357
358
359
360
361
362
363
364
365
366
367
368
369
370
371
372
373
374
375
376
377
378
379
380
381
382
383
384
385
386
387
388
389
390
391
392
393
394
395
396
397
398
399
400
401
402
403
404
405
406
407
408
409
410
411
412
413
414
415
416
417
418
419
420
421
422
423
424
425
426
427
428
429
430
431
432
433
434
435
436
437
438
439
440
441
442
443
444
445
446
447
448
449
450
451
452
453
454
455
456
457
458
459
460
461
462
463
464
465
466
467
468
469
470
471
472
473
474
475
476
477
478
479
480
481
482
483
484
485
486
487
488
489
490
491
492
493
494
495
496
497
498
499
500
501
502
503
504
505
506
507
508
509
510
511
512
513
514
515
516
517
518
519
520
521
522
523
524
525
526
527
528
529
530
531
532
533
534
535
536
537
538
539
540
541
542
543
544
545
546
547
548
549
550
551
552
553
554
555
556
557
558
559
560
561
562
563
564
565
566
567
568
569
570
571
572
573
574
575
576
577
578
579
580
581
582
583
584
585
586
587
588
589
590
591
592
593
594
595
596
597
598
599
600
601
602
603
604
605
606
607
608
609
610
611
612
613
614
615
616
617
618
619
620
621
622
623
624
625
626
627
628
629
630
631
632
633
634
635
636
637
638
639
640
641
642
643
644
645
646
647
648
649
650
651
652
653
654
655
656
657
658
659
660
661
662
663
664
665
666
667
668
669
670
671
672
673
674
675
676
677
678
679
680
681
682
683
684
685
686
687
688
689
690
691
692
693
694
695
696
697
698
699
700
701
702
703
704
705
706
707
708
709
710
711
712
713
714
715
716
717
718
719
720
721
722
723
724
725
726
727
728
729
730
731
732
733
734
735
736
737
738
739
740
741
742
743
744
745
746
747
748
749
750
751
752
753
754
755
756
757
758
759
760
761
762
763
764
765
766
767
768
769
770
771
772
773
774
775
776
777
778
779
780
781
782
783
784
785
786
787
788
789
790
791
792
793
794
795
796
797
798
799
800
801
802
803
804
805
806
807
808
809
810
811
812
813
814
815
816
817
818
819
820
821
822
823
824
825
826
827
828
829
830
831
832
833
834
835
836
837
838
839
840
841
842
843
844
845
846
847
848
849
850
851
852
853
854
855
856
857
858
859
860
861
862
863
864
865
866
867
868
869
870
871
872
873
874
875
876
877
878
879
880
881
882
883
884
885
886
887
888
889
890
891
892
893
894
895
896
897
898
899
900
901
902
903
904
905
906
907
908
909
910
911
912
913
914
915
916
917
918
919
920
921
922
923
924
925
926
927
928
929
930
931
932
933
934
935
936
937
938
939
940
941
942
943
944
945
946
947
948
949
950
951
952
953
954
955
956
957
958
959
960
961
962
963
964
965
966
967
968
969
970
971
972
973
974
975
976
977
978
979
980
981
982
983
984
985
986
987
988
989
990
991
992
993
994
995
996
997
998
999
1000
1001
1002
1003
1004
1005
1006
1007
1008
1009
1010
1011
1012
1013
1014
1015
1016
1017
1018
1019
1020
1021
1022
1023
1024
1025
1026
1027
1028
1029
1030
1031
1032
1033
1034
1035
1036
1037
1038
1039
1040
1041
1042
1043
1044
1045
1046
1047
1048
1049
1050
1051
1052
1053
1054
1055
1056
1057
1058
1059
1060
1061
1062
1063
1064
1065
1066
1067
1068
1069
1070
1071
1072
1073
1074
1075
1076
1077
1078
1079
1080
1081
1082
1083
1084
1085
1086
1087
1088
1089
1090
1091
1092
1093
1094
1095
1096
1097
1098
1099
1100
1101
1102
1103
1104
1105
1106
1107
1108
1109
1110
1111
1112
1113
1114
1115
1116
1117
1118
1119
1120
1121
1122
1123
1124
1125
1126
1127
1128
1129
1130
1131
1132
1133
1134
1135
1136
1137
1138
1139
1140
1141
1142
1143
1144
1145
1146
1147
1148
1149
1150
1151
1152
1153
1154
1155
1156
1157
1158
1159
1160
1161
1162
1163
1164
1165
1166
1167
1168
1169
1170
1171
1172
1173
1174
1175
1176
1177
1178
1179
1180
1181
1182
1183
1184
1185
1186
1187
1188
1189
1190
1191
1192
1193
1194
1195
1196
1197
1198
1199
1200
1201
1202
1203
1204
1205
1206
1207
1208
1209
1210
1211
1212
1213
1214
1215
1216
1217
1218
1219
1220
1221
1222
1223
1224
1225
1226
1227
1228
1229
1230
1231
1232
1233
1234
1235
1236
1237
1238
1239
1240
1241
1242
1243
1244
1245
1246
1247
1248
1249
1250
1251
1252
1253
1254
1255
1256
1257
1258
1259
1260
1261
1262
1263
1264
1265
1266
1267
1268
1269
1270
1271
1272
1273
1274
1275
1276
1277
1278
1279
1280
1281
1282
1283
1284
1285
1286
1287
1288
1289
1290
1291
1292
1293
1294
1295
1296
1297
1298
1299
1300
1301
1302
1303
1304
1305
1306
1307
1308
1309
1310
1311
1312
1313
1314
1315
1316
1317
1318
1319
1320
1321
1322
1323
1324
1325
1326
1327
1328
1329
1330
1331
1332
1333
1334
1335
1336
1337
1338
1339
1340
1341
1342
1343
1344
1345
1346
1347
1348
1349
1350
1351
1352
1353
1354
1355
1356
1357
1358
1359
1360
1361
1362
1363
1364
1365
1366
1367
1368
1369
1370
1371
1372
1373
1374
1375
1376
1377
1378
1379
1380
1381
1382
1383
1384
1.775000000000002 0.9566987298107784 0
1.024999999999998 0.0433012701892217 0
2.275000000000005 0.9566987298107947 0
0.7249999999999988 0.04330127018922186 0
2.025000000000001 0.9566987298107824 0
1.275000000000001 0.9566987298107781 0
1.524999999999999 0.04330127018922192 0
0.5250000000000009 0.9566987298107794 0
0.8750000000000014 0.9566987298107782 0
1.877164488001919 0.04490051865232481 0
2.177199725976453 0.04464499979562764 0
1.274999999999998 0.0433012701892227 0
1.525000000000002 0.9566987298107781 0
1.075000000000001 0.956698729810778 0
0.5229978213352531 0.04191013759555096 0
2.752249493681274 0.4779352036097927 0
0.03986668469975152 0.5278392448167351 0
2.374999999999999 0.04330127018922175 0
2.756698729810778 0.675 0
0.04763128265716743 0.3172940119650963 0
0.3250000000000011 0.9566987298107781 0
2.475000000000004 0.9566987298107965 0
0.3249999999999993 0.04330127018922181 0
2.755102572476221 0.2777608549438858 0
0.7250000000000014 0.9566987298107799 0
2.022997821335252 0.04191013759555035 0
1.674999999999998 0.04330127018922175 0
0.8749999999999983 0.04330127018922186 0
0.03973518192106651 0.6760242780151056 0
2.527002178664748 0.04191013759554973 0
0.1750000000000005 0.9566987298107783 0
0.03983015083432861 0.1720762253242827 0
2.624999999999994 0.9566987298108025 0
0.04443981866266755 0.8255133154980961 0
2.75518200676544 0.8258577173076171 0
0.1749999999999994 0.04330127018922186 0
1.675000000000002 0.956698729810778 0
2.272800274023547 0.04464499979562664 0
0.6250000000000013 0.9566987298107792 0
1.124999999999998 0.04330127018922203 0
1.375000000000001 0.956698729810778 0
1.175000000000001 0.9566987298107781 0
1.424999999999998 0.04330127018922197 0
2.752323541917814 0.5709812863754727 0
1.875000000000001 0.9566987298107821 0
2.760169849165683 0.172076225324295 0
0.4250000000000014 0.956698729810779 0
2.125 0.9566987298108051 0
0.4271997259764544 0.0446449997956283 0
0.9750000000000013 0.9566987298107781 0
2.756698729810778 0.375 0
2.375 0.9566987298107855 0
0.04513050318066369 0.4223675444205232 0
1.772800274023547 0.04464499979562642 0
2.624999999999999 0.04330127018922175 0
0.6270021786647484 0.04191013759554907 0
0.0769337567297399 0.9578151847792411 0
2.728027864628171 0.04144963431617732 0
0.0424081999971091 0.07491856826798915 0
2.75471513762796 0.9204087190471446 0
0.1253222927882902 0.956884805638855 0
0.1500537154647157 0.913428472259569 0
0.2000089525774538 0.9134026283945593 0
0.1750104446736978 0.8701022196675039 0
0.2250032328751945 0.8700980559336986 0
0.2000022795914873 0.8267962353658691 0
0.2500009187444512 0.8267954496804693 0
0.2250005330559963 0.7834939568139112 0
0.275000241966747 0.7834937887534574 0
0.2499985750106408 0.7401915561466764 0
0.2999998028295716 0.7401922650282691 0
0.2749981754802202 0.6968900552884588 0
0.3249996630516403 0.6968909141382208 0
0.2999996397553195 0.6535896304988601 0
0.3500000000000132 0.6535898384862329 0
0.3249999399592325 0.6102885336324484 0
0.3749999899932179 0.6102885625195849 0
0.3499999883254197 0.5669872913674577 0
0.3999999990593754 0.5669872975647116 0
0.3749999978974778 0.5236860267046665 0
0.4249999994928205 0.5236860276257396 0
0.4499999997587099 0.5669872979684739 0
0.4749999998752668 0.5236860278465463 0
0.4999999999390066 0.5669872980725701 0
0.5249999999690571 0.5236860279006978 0
0.5499999999846876 0.5669872980989457 0
0.5749999999923023 0.52368602791412 0
0.599999999996175 0.5669872981055801 0
0.6249999999980911 0.5236860279174637 0
0.6499999999990543 0.566987298107244 0
0.6749999999995355 0.5236860279182992 0
0.6999999999997749 0.5669872981076607 0
0.7249999999998962 0.5236860279185087 0
0.7499999999999551 0.5669872981077658 0
0.7749999999999861 0.523686027918562 0
0.8000000000000007 0.566987298107795 0
0.8250000000000086 0.5236860279185767 0
0.8500000000000139 0.5669872981078039 0
0.8750000000000144 0.5236860279185813 0
0.9000000000000147 0.5669872981078068 0
0.9250000000000156 0.5236860279185833 0
0.9500000000000146 0.566987298107806 0
0.9750000000000155 0.5236860279185868 0
1.000000000000014 0.5669872981078072 0
1.025000000000015 0.5236860279185869 0
1.050000000000014 0.5669872981078082 0
1.075000000000015 0.5236860279185893 0
1.100000000000014 0.5669872981078097 0
1.125000000000015 0.5236860279185884 0
1.150000000000014 0.5669872981078105 0
1.175000000000015 0.5236860279185892 0
1.200000000000014 0.5669872981078116 0
1.225000000000013 0.5236860279185913 0
1.250000000000013 0.5669872981078129 0
1.275000000000013 0.5236860279185945 0
1.300000000000013 0.5669872981078146 0
1.325000000000014 0.5236860279185952 0
1.350000000000013 0.5669872981078158 0
1.375000000000014 0.5236860279185961 0
1.400000000000013 0.5669872981078169 0
1.425000000000016 0.523686027918598 0
1.450000000000013 0.5669872981078182 0
1.475000000000016 0.5236860279185978 0
1.500000000000013 0.5669872981078191 0
1.525000000000014 0.523686027918598 0
1.550000000000013 0.5669872981078201 0
1.575000000000014 0.5236860279185989 0
1.600000000000013 0.5669872981078212 0
1.625000000000014 0.5236860279186002 0
1.650000000000012 0.5669872981078224 0
1.675000000000013 0.5236860279186013 0
1.700000000000012 0.5669872981078237 0
1.725000000000013 0.5236860279186026 0
1.750000000000012 0.566987298107825 0
1.775000000000013 0.5236860279186039 0
1.800000000000012 0.5669872981078262 0
1.825000000000013 0.5236860279186051 0
1.850000000000012 0.5669872981078347 0
1.875000000000013 0.5236860279186076 0
1.900000000000011 0.5669872981078373 0
1.925000000000012 0.5236860279186093 0
1.950000000000011 0.5669872981078317 0
1.975000000000012 0.5236860279186091 0
2.000000000000011 0.5669872981078314 0
2.025000000000012 0.5236860279186105 0
2.050000000000011 0.566987298107841 0
2.075000000000012 0.5236860279186126 0
2.100000000000012 0.5669872981078434 0
2.125000000000012 0.523686027918614 0
2.150000000000011 0.5669872981078361 0
2.175000000000011 0.5236860279186132 0
2.20000000000001 0.5669872981078357 0
2.225000000000011 0.523686027918614 0
2.25000000000001 0.5669872981078362 0
2.275000000000011 0.5236860279186148 0
2.30000000000001 0.566987298107837 0
2.325000000000011 0.5236860279186156 0
2.100000000000013 0.4803847577293903 0
1.950000000000014 0.4803847577293877 0
1.600000000000014 0.4803847577293783 0
1.350000000000014 0.4803847577293801 0
1.200000000000015 0.4803847577293685 0
0.9500000000000146 0.480384757729366 0
0.800000000000011 0.4803847577293546 0
2.300000000000011 0.4803847577293934 0
1.800000000000014 0.4803847577293835 0
0.649999999999617 0.4803847577291227 0
0.4499999998946937 0.4803847576685468 0
2.35000000000001 0.5669872981078377 0
2.350000000000011 0.4803847577293943 0
2.325000000000012 0.4370834875401721 0
2.375000000000012 0.4370834875401726 0
0.7750000000000025 0.6102885682970203 0
0.5749999999968187 0.6102885682951762 0
0.9250000000000144 0.6102885682970348 0
1.125000000000013 0.6102885682970316 0
1.425000000000012 0.6102885682970389 0
1.575000000000012 0.6102885682970424 0
1.725000000000011 0.610288568297046 0
1.92500000000001 0.6102885682970763 0
2.175000000000006 0.6102885682970632 0
2.325000000000002 0.6102885682970631 0
2.375000000000008 0.6102885682970605 0
2.350000000000012 0.3937822173509505 0
2.400000000000012 0.3937822173509513 0
2.425000000000012 0.4370834875401735 0
1.275000000000012 0.6102885682970354 0
2.450000000000012 0.3937822173509516 0
2.425000000000013 0.3504809471617296 0
0.3749999438419496 0.696891076252584 0
2.300000000000013 0.3937822173509499 0
2.35 0.6535898384862862 0
2.400000000000007 0.6535898384862828 0
0.3249999977038285 0.5236860265928609 0
2.475000000000012 0.4370834875401737 0
2.475000000000013 0.3504809471617304 0
2.450000000000013 0.3071796769725086 0
2.500000000000014 0.307179676972509 0
2.375000000000006 0.6968911086755147 0
2.425000000000008 0.696891108675506 0
2.450000000000009 0.6535898384862833 0
2.475000000000008 0.6968911086755056 0
2.50000000000001 0.653589838486285 0
2.525000000000008 0.6968911086755067 0
2.324999999999995 0.6968911086755383 0
0.2500083910480102 0.6535912897102149 0
2.475000000000014 0.2638784067832869 0
2.425000000000014 0.2638784067832863 0
2.525000000000014 0.2638784067832873 0
2.55000000000001 0.6535898384862863 0
2.550000000000014 0.3071796769725091 0
2.02500000000001 0.6102885682970635 0
0.6749999999998127 0.6102885682969079 0
1.500000000000016 0.4803847577293773 0
0.5499999999935755 0.4803847577256354 0
1.825000000000011 0.6102885682970486 0
1.100000000000015 0.4803847577293716 0
1.025000000000013 0.6102885682970294 0
1.700000000000014 0.4803847577293807 0
0.3499999992668978 0.4803847573060777 0
0.2999999994951346 0.4803847574378479 0
0.324999999793687 0.4370834874209954 0
0.2750721330076655 0.4371251335515011 0
0.3000120221335751 0.3937891583329419 0
0.2501705004430732 0.3938684224551924 0
0.2750304204294585 0.3504964715093998 0
0.3250070737605224 0.3504846913833063 0
0.3000062490316817 0.3071828884006814 0
0.3500022204653852 0.3071808362474336 0
0.2500061115768744 0.3071827996017788 0
0.2750000000000281 0.2638784067832334 0
0.3250000074660582 0.7834936533644239 0
2.399999999999999 0.7401923788647626 0
2.499999999999996 0.7401923788647335 0
2.550000000000006 0.7401923788647302 0
0.2501369231861816 0.4804563984139394 0
0.2250010185961691 0.2638789272214524 0
2.575000000000014 0.2638784067832874 0
2.450000000000014 0.2205771365940647 0
2.400000000000015 0.2205771365940641 0
0.250000169766053 0.2205772233337144 0
0.3000000282943627 0.2205771510506367 0
2.525000000000011 0.6102885682970639 0
2.575000000000012 0.6102885682970655 0
2.524999999999991 0.7834936490539574 0
2.575000000000002 0.7834936490539542 0
2.550000000000014 0.2205771365940657 0
2.600000000000014 0.3071796769725086 0
2.600000000000007 0.7401923788647322 0
0.1999744275230797 0.7401276492628456 0
0.2000001980603896 0.2205772377903298 0
2.600000000000014 0.2205771365940658 0
0.2000698149754476 0.30714258514971 0
2.550000000000012 0.5669872981078427 0
2.600000000000013 0.5669872981078451 0
2.575000000000013 0.5236860279186212 0
2.575000000000015 0.3504809471617308 0
0.4749999999496287 0.6102885682679247 0
2.450000000000012 0.4803847577293953 0
2.325000000000013 0.3504809471617285 0
2.275000000000013 0.3504809471617277 0
2.300000000000013 0.3071796769725061 0
2.250000000000014 0.3071796769725057 0
2.275000000000014 0.2638784067832838 0
2.225000000000014 0.2638784067832836 0
2.200000000000014 0.3071796769725053 0
2.175000000000014 0.2638784067832833 0
2.150000000000014 0.307179676972505 0
2.125000000000014 0.2638784067832831 0
2.100000000000014 0.307179676972505 0
2.075000000000014 0.2638784067832831 0
2.050000000000014 0.307179676972505 0
2.025000000000015 0.2638784067832832 0
2.000000000000015 0.3071796769725048 0
1.975000000000015 0.2638784067832831 0
1.950000000000015 0.3071796769725048 0
1.925000000000015 0.2638784067832831 0
1.900000000000015 0.3071796769725049 0
1.875000000000015 0.2638784067832831 0
1.850000000000015 0.3071796769725049 0
1.825000000000015 0.2638784067832832 0
1.800000000000015 0.307179676972505 0
1.775000000000015 0.2638784067832833 0
1.750000000000016 0.3071796769725051 0
1.725000000000016 0.2638784067832834 0
1.700000000000016 0.3071796769725051 0
1.675000000000016 0.2638784067832833 0
1.650000000000016 0.3071796769725051 0
1.625000000000016 0.2638784067832833 0
1.600000000000016 0.3071796769725051 0
1.575000000000016 0.2641135809858976 0
1.550000000000016 0.3072188726729408 0
1.525000000000016 0.2640127457884904 0
1.500000000000016 0.3072085994234456 0
1.475000000000017 0.2641407912285888 0
1.450000000000017 0.3072282281218794 0
1.425000000000016 0.2641654035850112 0
1.400000000000017 0.3072356016310221 0
1.375000000000017 0.2641707345626054 0
1.350000000000017 0.3072377190454783 0
1.325000000000017 0.2641719759612803 0
1.300000000000017 0.3072382788476669 0
1.275000000000017 0.2640161211681112 0
1.250000000000017 0.3072123963491701 0
1.225000000000017 0.2641419866128132 0
1.200000000000017 0.3072290601735376 0
1.175000000000017 0.2641657414909913 0
1.150000000000017 0.3072357966239619 0
1.125000000000017 0.2641708233790918 0
1.100000000000017 0.3072377663470494 0
1.075000000000017 0.2639368244450089 0
1.050000000000018 0.3071990948118835 0
1.025000000000018 0.2638913793668007 0
1.000000000000018 0.3071850753763211 0
0.9750000000000179 0.2638814686145056 0
0.9500000000000179 0.3071810870116782 0
0.925000000000018 0.2641143262976301 0
0.9000000000000181 0.3072192318980917 0
0.8750000000000181 0.2640127937084925 0
0.8500000000000183 0.3072086672809681 0
0.8250000000000184 0.2641408105248427 0
0.8000000000000185 0.307228242647503 0
0.7750000000000188 0.2641654092219903 0
0.7500000000000188 0.3072356049914529 0
0.7250000000000189 0.2640157202676395 0
0.7000000000000191 0.307211883889722 0
0.6750000000000189 0.2641418343861595 0
0.6500000000000192 0.3072289493925202 0
0.6250000000000191 0.263930523453765 0
0.6000000000000195 0.3071965751542544 0
0.5750000000000191 0.2638899092586554 0
0.5500000000000198 0.307184410415359 0
0.525000000000019 0.2638811127696549 0
2.100000000000014 0.2205771365940614 0
1.95000000000001 0.215554888564181 0
1.602199725976468 0.2192726026880928 0
1.350000000000017 0.2205771365940614 0
0.9521997259764693 0.2192732372119188 0
1.200000000000017 0.2205771365940615 0
0.8000000000000187 0.2205771365940613 0
1.048033059309802 0.2217246487052446 0
0.5500000000000187 0.2205795046710192 0
0.5000000000000184 0.2205773567307818 0
1.700000000000016 0.2205771365940616 0
0.6478355119980981 0.2190304788431849 0
1.450000000000017 0.2205771365940614 0
2.200000000000014 0.2205771365940616 0
1.800000000000015 0.2205771365940615 0
0.5000000000000234 0.3071809168773749 0
2.250000000000012 0.3937822173509493 0
2.025000000000014 0.3504809471617266 0
1.875000000000015 0.3504809471617267 0
1.425000000000016 0.3504854798133951 0
1.275000000000017 0.3504918187393253 0
1.025000000000018 0.3504850832022594 0
0.875000000000017 0.3504867758380866 0
0.7250000000000207 0.3504914394160247 0
2.549999999999999 0.8267949192431753 0
0.3750015490376672 0.3504817644111146 0
2.499999999999998 0.8267949192431789 0
2.600000000000001 0.8267949192431765 0
2.425000000000015 0.1772758664048426 0
2.375000000000016 0.177275866404842 0
2.575000000000014 0.1775110406074581 0
0.2250000000000303 0.1772758664047883 0
2.625000000000012 0.6102885682970677 0
2.625000000000013 0.5236860279186233 0
0.1750000330100909 0.1772758832708397 0
0.1500000385117657 0.2205771562710693 0
2.625000000000014 0.1773150621052791 0
2.625000000000016 0.3504809471617293 0
0.5250000000000183 0.1775114719764007 0
0.4750000000000183 0.177550344892168 0
2.600000000000015 0.4803847577293999 0
2.125000000000014 0.3504809471617267 0
1.775000000000016 0.3504809471617268 0
1.675000000000016 0.3504809471617271 0
1.575000000000016 0.3504874797784637 0
1.175000000000017 0.3504855243714167 0
0.6250000000000194 0.3504919755953477 0
0.4500000000000223 0.2206229196980638 0
0.4250000000000191 0.1773292433367239 0
0.5250000000000212 0.3504819427196812 0
2.650000000000014 0.2205836692108044 0
0.150002120710869 0.8267961436360984 0
2.650000000000015 0.4803847577294026 0
0.4750000000000252 0.3504813197388555 0
2.500000000000012 0.5669872981078418 0
0.5750000000000186 0.1773155286795933 0
2.40000000000001 0.5669872981078385 0
2.475000000000015 0.1772758664048431 0
2.450000000000015 0.1339745962156209 0
2.200000000000012 0.4803847577293917 0
0.3749999998434446 0.437083487449729 0
2.650000000000014 0.3071796769725073 0
0.2750006919366093 0.8700965889221242 0
0.5000000000000215 0.3937824453734561 0
2.574999999999994 0.8700961894323949 0
0.4000006282505311 0.3071800063932058 0
0.3750004747860052 0.2638786548992043 0
0.5500000000000229 0.3937824212810142 0
2.624999999999994 0.8700961894323909 0
2.650000000000001 0.8267949192431787 0
2.497835511998094 0.1323753477525178 0
2.674999999999997 0.870096189432396 0
2.675000000000014 0.5236860279186263 0
0.4500000000000189 0.1339745962156188 0
0.3980330593098045 0.1351191061079075 0
0.552164488001936 0.1324212257269027 0
0.5960317719964974 0.1300534661818565 0
2.602199725976465 0.132676594926391 0
2.650261872140067 0.1339927199807265 0
0.2000000055017095 0.1342097732291936 0
0.1500000064186557 0.1342489693981292 0
0.2500000009169778 0.1340137923845052 0
2.625000000000016 0.4370834875401772 0
2.575000000000016 0.4370834875401761 0
2.673732094907066 0.4378155128869017 0
2.500000000000012 0.4803847577293964 0
2.350000000000015 0.2205771365940631 0
2.325000000000016 0.1772758664048414 0
2.350000000000016 0.134209770418234 0
2.301966940690228 0.1351494056530296 0
2.275327823448384 0.1774716679777424 0
2.256516068046654 0.1344250066437051 0
2.350000000000013 0.307179676972507 0
0.4500000000000219 0.3937823174508658 0
0.3746721765516496 0.1774755142088549 0
0.3496175393102621 0.1344337967009328 0
2.674112163024079 0.3504007893014419 0
0.2250000000000349 0.09067332602634504 0
2.474211192419139 0.09198599027401311 0
2.332591498194236 0.09068309921282175 0
0.5748159448978107 0.09172759815032605 0
0.3673629707712991 0.09070616191967468 0
2.425000000000014 0.09067332602639888 0
0.275000000000035 0.09067332602634809 0
2.70682920267018 0.3048007400988477 0
2.700863667794241 0.8266387189205873 0
2.675143944632378 0.7834676156668601 0
2.725377860522291 0.871899800721562 0
2.700440182144402 0.9151025394366554 0
2.725000000000005 0.7834936490539639 0
2.699126531150518 0.7407061885209805 0
2.751628711746636 0.7346693234981005 0
2.649640709655202 0.3938908619320267 0
2.706849710684945 0.3962261148201272 0
0.1003849608304566 0.9136197168606488 0
0.04605927242750307 0.918561221527683 0
0.07499999999999374 0.8700961894323355 0
0.1250752069466232 0.8701396101832102 0
0.09875631485375336 0.8264427964410495 0
0.1246925920712658 0.7833336745044525 0
0.07500267447620845 0.781475447539318 0
0.1007812938318358 0.7398618715905919 0
0.04696850861640978 0.7317758276396189 0
0.1500704171630196 0.7400187544146747 0
0.1261024220200215 0.6971139273258062 0
0.1752226214773505 0.6968404133881487 0
0.1503467304683306 0.6534620511386449 0
0.1036999768140257 0.6526084707731307 0
0.1259094774959595 0.609885250102933 0
0.1753854272429203 0.61015414923473 0
0.1505487381923278 0.5667360075624375 0
0.2003574318452821 0.5669599976332558 0
0.1755470085154924 0.523546198610777 0
0.12704656340031 0.5225254738951336 0
0.1509010855983377 0.480041097440241 0
0.1024332882194074 0.4788896429762228 0
0.1273992075642516 0.4372671830928013 0
0.1758666376611357 0.436926483792189 0
0.1510876875942595 0.39372961555589 0
0.07733232217263408 0.6033856357297529 0
0.09388653613288667 0.3956219205773399 0
0.1261608727413985 0.3501547318577677 0
0.2250446646180724 0.6968650958232572 0
2.525000000000013 0.4370834875401746 0
2.550000000000013 0.480384757729398 0
2.649878412630489 0.7402736749095927 0
2.67393669767529 0.6975084415131227 0
2.624802518384305 0.6970075468225891 0
2.649789869343276 0.6537121336504059 0
2.707092882286988 0.6525292602946424 0
2.675000000000017 0.6102885682970713 0
2.525000000000012 0.5236860279186198 0
2.525000000000015 0.3504809471617317 0
2.475000000000012 0.5236860279186185 0
2.673547879320763 0.1781500893420436 0
2.69488362731128 0.1377333144401542 0
2.698081664691963 0.2215758283287854 0
2.672527760849899 0.09050362000170886 0
0.3000003100189794 0.826795098232656 0
0.3500000529141767 0.8267949497931314 0
0.3750000100633781 0.7834936548639897 0
0.4000000104962624 0.8267949253031401 0
0.4250000034266124 0.7834936510322538 0
0.4500000023204824 0.826794920582854 0
0.4750000009578547 0.7834936496069183 0
0.5000000005463926 0.8267949195585852 0
0.5250000002507135 0.7834936491986524 0
0.5500000001328543 0.826794919319831 0
0.5750000000639335 0.7834936490908175 0
0.6000000000328013 0.8267949192620675 0
0.6250000000161278 0.7834936490632196 0
0.6500000000081581 0.8267949192478423 0
0.6750000000040528 0.7834936490562503 0
0.7000000000020381 0.8267949192443118 0
0.7250000000010204 0.7834936490545021 0
0.7500000000005127 0.8267949192434338 0
0.7750000000002608 0.7834936490540667 0
0.8000000000001315 0.8267949192432142 0
0.8250000000000706 0.7834936490539595 0
0.8500000000000272 0.8267949192431552 0
0.8750000000000213 0.7834936490539335 0
0.8500000000000225 0.7401923788647102 0
0.900000000000014 0.7401923788647081 0
0.92500000000001 0.7834936490539305 0
0.9500000000000106 0.7401923788647091 0
0.9750000000000075 0.7834936490539322 0
1.000000000000009 0.7401923788647085 0
1.025000000000007 0.7834936490539341 0
1.050000000000009 0.7401923788647105 0
1.075000000000006 0.7834936490539367 0
1.100000000000009 0.7401923788647126 0
1.125000000000006 0.7834936490539393 0
1.150000000000009 0.7401923788647151 0
1.175000000000006 0.7834936490539419 0
1.200000000000008 0.7401923788647173 0
1.225000000000006 0.7834936490539446 0
1.250000000000008 0.7401923788647159 0
1.275000000000006 0.7834936490539466 0
1.300000000000008 0.740192378864722 0
1.325000000000006 0.7834936490539499 0
1.350000000000009 0.7401923788647253 0
1.375000000000006 0.783493649053953 0
1.400000000000009 0.7401923788647287 0
1.425000000000006 0.783493649053956 0
1.450000000000008 0.7401923788647368 0
1.475000000000005 0.7834936490539539 0
1.500000000000008 0.7401923788647329 0
1.525000000000005 0.783493649053963 0
1.550000000000008 0.7401923788647355 0
1.575000000000005 0.7834936490539586 0
1.600000000000007 0.7401923788647367 0
1.625000000000005 0.7834936490539679 0
1.650000000000007 0.7401923788647402 0
1.675000000000005 0.7834936490539698 0
1.700000000000007 0.7401923788647424 0
1.725000000000005 0.7834936490539722 0
1.750000000000007 0.7401923788647451 0
1.775000000000004 0.7834936490539748 0
1.800000000000006 0.7401923788647544 0
1.825000000000004 0.7834936490539792 0
1.850000000000006 0.7401923788647586 0
1.875000000000004 0.783493649053982 0
1.900000000000006 0.7401923788647616 0
1.925000000000003 0.783493649053985 0
1.950000000000006 0.7401923788647644 0
1.975000000000003 0.7834936490539877 0
2.000000000000006 0.7401923788647673 0
2.025000000000003 0.7834936490539903 0
2.050000000000006 0.7401923788647701 0
2.075000000000003 0.7834936490539932 0
2.100000000000005 0.7401923788647728 0
2.125000000000003 0.7834936490539961 0
2.150000000000005 0.7401923788647756 0
2.175000000000002 0.7834936490539988 0
1.450000000000008 0.8267949192431591 0
1.600000000000003 0.8267949192431787 0
1.950000000000001 0.826794919243208 0
2.200000000000002 0.74019237886478 0
2.225000000000002 0.783493649054002 0
2.2 0.826794919243222 0
2.25 0.8267949192432249 0
0.7500000000002209 0.7401923788648188 0
0.6500000000033695 0.7401923788666323 0
0.5500000000524484 0.7401923788949625 0
0.9500000000000044 0.8267949192431505 0
1.050000000000004 0.8267949192431558 0
1.150000000000004 0.8267949192431633 0
1.250000000000003 0.8267949192431687 0
1.350000000000003 0.8267949192431745 0
1.700000000000002 0.8267949192431943 0
1.800000000000009 0.826794919243189 0
2.050000000000001 0.8267949192432136 0
2.275000000000002 0.7834936490540048 0
2.299999999999999 0.826794919243228 0
2.125000000000008 0.6968911086755525 0
1.975000000000005 0.6968911086755379 0
1.875000000000009 0.6968911086755386 0
1.775000000000008 0.6968911086755106 0
1.675000000000009 0.6968911086755071 0
1.47500000000001 0.6968911086754989 0
1.325000000000011 0.6968911086754936 0
1.17500000000001 0.6968911086754872 0
1.075000000000011 0.6968911086754832 0
0.9750000000000116 0.6968911086754865 0
0.8750000000000151 0.6968911086754842 0
0.4500000007307515 0.7401923792865756 0
0.8250000000000149 0.6968911086754813 0
0.3750000105684081 0.8700961955340137 0
0.4750000004778134 0.870096189708211 0
0.5750000000276109 0.8700961894482897 0
0.6750000000017007 0.8700961894333346 0
0.7750000000001105 0.8700961894324156 0
2.224999999999997 0.8700961894324355 0
2.174999999999997 0.8700961894324315 0
2.325000000000002 0.7834936490540075 0
2.349999999999999 0.8267949192432311 0
2.324999999999996 0.8700961894324515 0
2.374999999999996 0.8700961894324498 0
2.399999999999994 0.8267949192432371 0
2.424999999999996 0.8700961894324535 0
1.57500000000001 0.696891108675503 0
0.8500000000000152 0.6535898384862597 0
2.200000000000002 0.9133974596216334 0
2.300000000000001 0.7401923788647785 0
0.9000000000000143 0.6535898384862616 0
0.8000000000000126 0.6535898384862536 0
0.8250000000000102 0.6102885682970287 0
0.7500000000000124 0.6535898384862467 0
2.350000000000001 0.7401923788647685 0
2.274999999999985 0.6968911086755536 0
2.299999999999992 0.653589838486308 0
2.249999999999995 0.6535898384863015 0
2.449999999999982 0.826794919243225 0
2.474999999999998 0.8700961894324288 0
2.474999999999991 0.7834936490539754 0
2.525000000000003 0.8700961894324021 0
2.550000000000001 0.9133974596216063 0
2.59994011827588 0.3938003247811324 0
2.549990019712658 0.3937852352559829 0
2.075000000000008 0.6968911086755497 0
2.10000000000001 0.6535898384863201 0
2.15000000000001 0.6535898384863317 0
2.05000000000001 0.6535898384863208 0
2.075000000000012 0.6102885682970896 0
2.000000000000002 0.6535898384862885 0
2.374999999999994 0.7834936490540066 0
2.62500372621048 0.7835028594969157 0
2.450000000000012 0.5669872981078411 0
2.100000000000001 0.8267949192432165 0
2.074999999999998 0.8700961894324367 0
2.024999999999999 0.8700961894324344 0
0.7000000000014478 0.7401923788655245 0
0.6750000000008098 0.6968911086759328 0
0.6250000000007034 0.6968911086758703 0
0.650000000000066 0.6535898384862806 0
0.5999999999996043 0.6535898384860104 0
0.7250000000004191 0.6968911086757081 0
0.7000000000001891 0.6535898384863497 0
0.2750000000000001 0.9566987298107793 0
0.4750000000000276 0.2638867316386071 0
1.725000000000002 0.9566987298107783 0
1.750000000000002 0.9133974596215604 0
1.800000000000008 0.9133974596215833 0
2.050000000000014 0.2205771365940614 0
2.075000000000014 0.1772758664048396 0
2.125000000000014 0.1772758664048394 0
2.100000000000014 0.1339745962156177 0
2.029131428692144 0.1765770574760979 0
2.148033059309799 0.135110209952593 0
2.12224628303371 0.09982707312327849 0
2.075000000000014 0.09067332602639588 0
1.974666303555874 0.0430694147569432 0
1.998856291688972 0.08593031662104045 0
1.94975376587414 0.08645186051349646 0
1.970566438285986 0.1301896053819018 0
1.928584248005061 0.1333396562006174 0
2.325 0.9566987298107947 0
2.150000000000012 0.4803847577293914 0
2.175000000000013 0.4370834875401696 0
2.174672176551645 0.1774651353610021 0
2.200000000000014 0.1339745962156164 0
2.42500000000001 0.6102885682970617 0
0.2751059220793457 0.5237478155578162 0
1.074999999999998 0.04330127018922181 0
1.099999999999998 0.08660254037844356 0
1.149999999999998 0.08660254037844406 0
1.124999999999998 0.1296686363650515 0
1.077199725976453 0.1312083444736358 0
1.174999999999997 0.1296294406646163 0
1.199999999999998 0.08655681206126953 0
1.224999999999997 0.1296152866616819 0
1.149999999999997 0.1732050807568877 0
1.249999999999998 0.08654683167458499 0
1.274999999999997 0.1298464384660268 0
1.249999999999996 0.1732050807568891 0
1.299999999999996 0.17320508075689 0
1.324999999999997 0.129659074348114 0
2.325000000000014 0.2638784067832845 0
1.700000000000002 0.9133974596215604 0
1.650000000000003 0.9133974596215596 0
2.425000000000011 0.5236860279186167 0
2.375000000000011 0.5236860279186163 0
1.474999999999999 0.04330127018922197 0
1.499999999999999 0.08660254037844373 0
1.549999999999999 0.08660254037844373 0
1.524999999999999 0.1299038105676655 0
1.573033059309787 0.1287681968306914 0
1.474999999999999 0.1296686363650522 0
1.59967217655163 0.08641327142228128 0
1.616516991263147 0.1283254077888009 0
1.542408501805778 0.1735639338007512 0
1.900000000000001 0.8267949192432055 0
1.924999999999999 0.8700961894324285 0
1.875 0.8700961894324263 0
2.224999999999999 0.04327883165279522 0
1.325000000000001 0.956698729810778 0
1.300000000000001 0.9133974596215563 0
1.250000000000001 0.9133974596215564 0
1.350000000000001 0.9133974596215587 0
1.400000000000001 0.9133974596215559 0
1.625000000000002 0.9566987298107783 0
1.600000000000003 0.9133974596215587 0
1.975000000000008 0.6102885682970693 0
2.698895693005116 0.4808305282806445 0
2.724187314186673 0.524236724048731 0
1.299999999999998 0.0865429042076033 0
1.349999999999998 0.08655181164671399 0
1.374999999999997 0.1296193922065069 0
1.399999999999998 0.08654668252963038 0
1.424999999999998 0.1295727279629546 0
1.399999999999997 0.1732050807568916 0
1.324999999999998 0.04329648204094472 0
1.174999999999998 0.04329364880302639 0
2.500000000000014 0.2205771365940656 0
0.4250000010352897 0.8700961900300698 0
2.400000000000011 0.4803847577293948 0
0.1264957790260253 0.1781851822825498 0
0.1006286139904409 0.2223294173442946 0
0.1251047754170518 0.264088510205051 0
0.1059598043072254 0.1383688375147946 0
0.126113608643855 0.08715298214184475 0
0.07513731241529809 0.2684819360811483 0
0.1008323365673265 0.3094511978641834 0
0.5750000000000013 0.9566987298107801 0
2.075000000000014 0.3504809471617268 0
2.050000000000014 0.3937822173509484 0
2.000000000000014 0.3937822173509479 0
2.025000000000014 0.4370834875401687 0
2.100000000000014 0.3937822173509481 0
0.5250000000719572 0.8700961894738934 0
2.75596464436423 0.6255602649133271 0
1.925000000000001 0.9566987298107826 0
1.224999999999998 0.04329653872285261 0
0.3499999045421014 0.7401923237520278 0
1.725000000000016 0.350480947161727 0
1.750000000000016 0.3937822173509487 0
1.800000000000016 0.3937822173509485 0
1.700000000000016 0.3937822173509489 0
1.650000000000015 0.3937822173509447 0
0.2750428290940943 0.6103128917157861 0
1.325000000000012 0.6102885682970366 0
1.300000000000012 0.6535898384862601 0
1.250000000000012 0.653589838486257 0
1.350000000000013 0.6535898384862622 0
1.375000000000016 0.6968911086754846 0
1.27500000000001 0.6968911086754876 0
1.850000000000015 0.2205771365940612 0
1.825000000000015 0.1772758664048395 0
1.775000000000015 0.1772758664048397 0
1.801966940690227 0.135110209952592 0
1.750000000000015 0.1339745962156181 0
1.850000000000015 0.1339745962156175 0
1.825000000000015 0.09067332602639594 0
1.875000000000015 0.1772758664048389 0
1.898033059309799 0.2208757089927234 0
1.475000000000001 0.9566987298107781 0
1.500000000000006 0.9133974596215589 0
1.550000000000002 0.9133974596215633 0
1.525000000000008 0.8700961894323571 0
1.450000000000007 0.9133974596215649 0
0.7750000000000034 0.9566987298107819 0
0.825000000000004 0.9566987298107801 0
0.8500000000000024 0.913397459621559 0
0.9000000000000012 0.9133974596215566 0
0.6750000000000015 0.9566987298107805 0
0.2252270353009136 0.3505581126499871 0
1.574945362758604 0.04326972536319479 0
1.225000000000001 0.9566987298107781 0
1.200000000000001 0.9133974596215562 0
1.150000000000001 0.9133974596215564 0
1.125000000000001 0.9566987298107779 0
1.100000000000001 0.9133974596215559 0
1.050000000000002 0.9133974596215561 0
1.025000000000001 0.956698729810778 0
1.000000000000002 0.9133974596215562 0
0.9500000000000015 0.913397459621558 0
1.075000000000017 0.3504945543708027 0
1.050000000000016 0.3937851745592156 0
1.000000000000015 0.3937833995590757 0
1.100000000000015 0.3937849780871671 0
1.025000000000012 0.4370841774428932 0
2.574967086397392 0.6969105150333557 0
0.3500024576867826 0.3937835866656136 0
0.3250014954295821 0.2638791789958719 0
2.763072899852108 0.1230337707783808 0
0.3750000000000013 0.9566987298107793 0
0.4249999981268265 0.6102885672155276 0
0.4499999996794173 0.6535898383011404 0
0.4999999999381823 0.6535898384505407 0
0.4750000000580639 0.6968911087089767 0
0.5250000000081213 0.6968911086801459 0
0.9750000000000137 0.6102885682970323 0
1.000000000000012 0.653589838486252 0
1.050000000000012 0.6535898384862533 0
1.000000000000004 0.8267949192431512 0
2.756616780633217 0.3253280575386447 0
2.755865173233949 0.4238853521488616 0
0.7249999999999579 0.6102885682969919 0
0.1750209339953466 0.263840546427786 0
1.100000000000004 0.8267949192431585 0
0.4999999999837721 0.4803847577199733 0
1.225000000000013 0.6102885682970342 0
1.200000000000012 0.6535898384862571 0
1.375000000000012 0.6102885682970384 0
2.499998336618787 0.3937827203351242 0
1.475000000000017 0.3504946148703907 0
1.450000000000016 0.393785250744336 0
1.400000000000017 0.3937834783584563 0
1.500000000000016 0.3937850008679531 0
1.425000000000018 0.4370842032736459 0
1.496501974113569 0.173707100323041 0
0.9249999999999983 0.04330127018922181 0
0.8999999999999985 0.08660254037844373 0
0.8499999999999986 0.08660254037844373 0
0.8749999999999987 0.1299038105676655 0
0.9499999999999983 0.08660254037844373 0
0.824999999999999 0.1296686363650514 0
0.7999999999999989 0.08656334467800825 0
0.7749999999999992 0.1296229080478767 0
0.849999999999999 0.1732050807568872 0
0.8926426614117565 0.1736991259122959 0
0.7499999999999989 0.08654919067507322 0
0.7249999999999992 0.1298481018638061 0
0.7499999999999993 0.1732050807568877 0
0.7024026143977024 0.1642429010817286 0
0.6749999999999994 0.1299038105676666 0
0.7749999999999988 0.04329340068209575 0
0.6999999999999991 0.08658436397723912 0
0.651129230990634 0.08593958702187537 0
0.8249999999999986 0.0432934259879616 0
1.724738127859945 0.04329325642621223 0
1.699999999999998 0.08660254037844356 0
0.3999999771008007 0.740192365643815 0
0.5000000003429923 0.7401923790627052 0
1.825000000000009 0.6968911086755278 0
1.850000000000011 0.6535898384863114 0
1.900000000000009 0.6535898384863144 0
0.9000000000000168 0.4803847577293608 0
0.9250000000000166 0.4370834875401431 0
0.8750000000000154 0.4370834875401429 0
1.650000000000003 0.8267949192431879 0
0.4750167982407909 0.04317725248488963 0
0.4923811366175714 0.08656571545601066 0
1.646564587278916 0.0851723146856318 0
1.449999999999999 0.0864988546024209 0
1.850000000000014 0.4803847577293849 0
0.6752662763312389 0.04312505740423506 0
1.624363687764858 0.04302609694338833 0
1.550000000000015 0.4803847577293784 0
1.575000000000014 0.4370834875401602 0
0.9750000000000173 0.3504829682769991 0
0.9749999999999982 0.04330127018922186 0
0.999999999999998 0.0863673661758293 0
0.9749999999999981 0.1299038105676655 0
2.573366755753911 0.04193380101996896 0
2.550116072453178 0.07573704560710304 0
1.050366620996074 0.08654559279305551 0
1.374999999999998 0.04329643822993579 0
1.925000000000015 0.3504809471617265 0
1.900000000000015 0.3937822173509484 0
1.850000000000009 0.8267949192431973 0
2.425 0.956698729810796 0
0.4750000000000008 0.9566987298107801 0
1.750000000000014 0.4803847577293829 0
1.900000000000014 0.4803847577293872 0
2.225000000000003 0.6102885682970597 0
1.325000000000017 0.3504864793846606 0
1.300000000000015 0.3937849513177032 0
1.250000000000015 0.3937844849416692 0
1.275000000000015 0.437083704531243 0
1.425000000000002 0.9566987298107785 0
1.475000000000012 0.6102885682970401 0
1.450000000000012 0.6535898384862693 0
1.500000000000011 0.6535898384862662 0
0.8000000000001004 0.7401923788647524 0
0.6249999999985886 0.6102885682961998 0
0.8500000000000162 0.4803847577293595 0
0.8250000000000141 0.4370834875401385 0
0.7750000000000189 0.4370834875401369 0
0.8000000000000178 0.3937822173509236 0
1.150000000000016 0.4803847577293701 0
1.175000000000015 0.4370834875401535 0
0.9250000000000179 0.3504890829544537 0
1.975000000000001 0.9566987298107846 0
0.04330127018922192 0.375 0
0.3999999886069061 0.6535898319084215 0
0.7499999999999916 0.480384757729342 0
0.7250000000000187 0.4370834875401343 0
0.9000000000000046 0.8267949192431491 0
1.300000000000003 0.8267949192431714 0
2.075000000000001 0.9566987298107897 0
0.9250000000000014 0.9566987298107785 0
1.675000000000011 0.6102885682970447 0
1.70000000000001 0.6535898384862704 0
1.65000000000001 0.6535898384862695 0
1.75000000000001 0.6535898384862724 0
1.625000000000016 0.3504820359311812 0
1.400000000000004 0.8267949192431669 0
1.575000000000002 0.9566987298107796 0
0.2250014920962427 0.9566995912729458 0
0.05070205150723583 0.4768729921941966 0
0.04767551509907486 0.2243349900993459 0
0.3000602246559119 0.5670221070837509 0
1.650000000000013 0.4803847577293808 0
1.000038797547724 0.2207889186539724 0
1.017413120561465 0.1772796051306783 0
0.03875446583574971 0.123607164838054 0
1.775000000000011 0.610288568297048 0
1.80000000000001 0.6535898384862758 0
1.725000000000009 0.696891108675508 0
1.87500000000001 0.6102885682970818 0
2.000000000000015 0.2205771365940614 0
1.825000000000015 0.3504809471617268 0
1.65026187214007 0.2205898165118849 0
1.677243371333143 0.1759342501180727 0
1.525000000000016 0.3504917926371761 0
1.225000000000017 0.3504928303707381 0
1.125000000000017 0.3504891562349152 0
2.749513923622011 0.2233222447476491 0
0.5999999999986183 0.4803847577285448 0
0.6249999999997219 0.4370834875399668 0
2.175 0.6968911086755454 0
2.149945362758619 0.2206086814200885 0
1.825000000000002 0.9566987298107874 0
2.375000000000013 0.2638784067832857 0
2.249999999999997 0.7401923788647811 0
0.3250001775730293 0.8700962919541743 0
2.055017547452537 0.1301892827293958 0
2.225000000000013 0.3504809471617272 0
2.250054637241409 0.2206097701895455 0
1.525000000000009 0.6968911086755 0
2.275000000000012 0.4370834875401713 0
2.250000000000012 0.4803847577293927 0
1.175000000000013 0.610288568297033 0
1.150000000000012 0.653589838486256 0
1.12500000000001 0.6968911086754844 0
1.22500000000001 0.696891108675487 0
1.100000000000017 0.220577136594062 0
2.375000000000012 0.3504809471617293 0
2.400000000000013 0.3071796769725081 0
1.850000000000015 0.3937822173509483 0
0.9218068362117461 0.1288505376899264 0
2.400000000000015 0.1342489661186701 0
1.925264092905321 0.043504055716868 0
0.7250000000003723 0.8700961894325711 0
1.375000000000017 0.3504885572573052 0
1.350000000000015 0.3937842575048486 0
1.525000000000012 0.6102885682970419 0
1.550000000000011 0.6535898384862697 0
1.600000000000011 0.6535898384862691 0
1.625000000000009 0.6968911086755043 0
1.750000000000016 0.2205771365940618 0
0.6750000000000198 0.3504981138325791 0
1.750000000000003 0.8267949192431909 0
1.400000000000013 0.6535898384862681 0
1.025000000000011 0.6968911086754795 0
1.200000000000004 0.8267949192431659 0
2.15 0.8267949192432174 0
2.124999999999998 0.8700961894324323 0
1.625000000000012 0.6102885682970449 0
1.925000000000006 0.6968911086755403 0
0.524999999977187 0.6102885682838383 0
0.6250000000059772 0.8700961894358025 0
1.974999999999999 0.8700961894324308 0
1.075000000000013 0.6102885682970307 0
0.4249999850029818 0.6968911000169188 0
1.725267068015864 0.1772841317535208 0
1.905290075134913 0.09111925233633705 0
0.6999999999999305 0.4803847577293052 0
1.100000000000012 0.6535898384862565 0
2.524639251999694 0.1772836948973761 0
0.3999999993992258 0.4803847573824847 0
2.274999999999997 0.8700961894324484 0
2.000000000000001 0.8267949192432107 0
2.025000000000006 0.6968911086755389 0
2.175000000000013 0.3504809471617266 0
0.5996392519996986 0.220336968551843 0
2.475000000000011 0.6102885682970631 0
2.22609511754802 0.1774205521636122 0
0.6749999999999255 0.4370834875400844 0
2.650000000000015 0.5669872981078489 0
0.7750000000001303 0.6968911086755435 0
0.9250000000000133 0.6968911086754859 0
2.700000000000016 0.5669872981078501 0
1.975000000000014 0.3504809471617265 0
0.2750000331629097 0.1772824159656691 0
2.150000000000013 0.3937822173509482 0
0.5750000000000204 0.350486590419431 0
0.6195887799952174 0.172662305481388 0
1.950000000000015 0.3937822173509474 0
0.4000004769723824 0.3937824895620621 0
2.225000000000012 0.4370834875401705 0
0.9500000000000135 0.6535898384862631 0
2.449999999999995 0.7401923788647526 0
2.200000000000012 0.3937822173509485 0
0.2500023949142502 0.9133988423259445 0
0.6000000000227659 0.7401923788778286 0
2.125000000000013 0.4370834875401695 0
2.075000000000014 0.4370834875401687 0
2.275000000000002 0.6102885682970676 0
2.300063743448309 0.2206152091221268 0
2.050000000000013 0.4803847577293901 0
2.625000000000013 0.2638794955527434 0
0.174957061685953 0.7834277356663086 0
0.5499999999866544 0.6535898384785301 0
0.4250004423767781 0.3504812624214331 0
0.8750000000000142 0.6102885682970347 0
2.12500000000001 0.6102885682970807 0
1.975000000000014 0.437083487540168 0
2.000000000000013 0.480384757729389 0
0.5750000000117165 0.6968911086822246 0
2.67500000000001 0.2638784067832864 0
1.925000000000015 0.4370834875401672 0
2.599926579020834 0.6536328617644617 0
0.3000005440706484 0.9133977737408934 0
1.425000000000012 0.6968911086755062 0
1.875000000000015 0.437083487540167 0
0.3500001220353486 0.9133975300787003 0
1.825000000000015 0.4370834875401662 0
1.775000000000015 0.4370834875401656 0
1.725000000000015 0.4370834875401651 0
0.4000000222731751 0.9133974724809842 0
1.950000000000006 0.6535898384863104 0
1.675000000000014 0.4370834875401634 0
1.625000000000014 0.4370834875401615 0
0.45000000396438 0.9133974619103979 0
0.2999362622317092 0.1342939281207213 0
1.600000000000015 0.3937834875819754 0
1.550000000000016 0.3937857893243152 0
1.525000000000016 0.4370838735636301 0
0.5000000007523591 0.9133974600559378 0
1.475000000000017 0.4370840758622153 0
0.5500000001419884 0.9133974597035412 0
1.450000000000021 0.4803848143054384 0
1.400000000000017 0.4803848864476365 0
0.6000000000292632 0.91339745963846 0
1.375000000000016 0.4370838400582872 0
1.325000000000013 0.4370841236865761 0
1.250000000000013 0.4803847938945552 0
1.300000000000014 0.4803849059464907 0
0.6500000000061577 0.9133974596251209 0
1.225000000000015 0.4370839076646543 0
1.150000000000016 0.393784808520791 0
1.200000000000016 0.3937858405682372 0
0.7000000000013723 0.9133974596223594 0
1.125000000000017 0.4370834875401575 0
1.075000000000008 0.4370837655426975 0
1.000000000000013 0.4803848727131599 0
1.050000000000013 0.4803849382108831 0
0.7500000000003124 0.9133974596217453 0
0.975000000000015 0.4370838187225952 0
0.8000000000000723 0.9133974596216055 0
0.9500000000000169 0.3937841624007 0
0.9000000000000148 0.3937848689374084 0
0.8250000000000577 0.8700961894323836 0
0.7750000000000192 0.3504879312450602 0
0.8500000000000163 0.3937836307280683 0
0.7500000000000259 0.3937837034340584 0
0.8250000000000179 0.3504962441817683 0
0.8750000000000017 0.8700961894323525 0
0.7000000000000095 0.3937856869947671 0
0.5999999999999738 0.3937850299544717 0
0.9250000000000016 0.8700961894323538 0
0.6499999999999451 0.3937879635762028 0
2.224999999999994 0.6968911086755376 0
0.9750000000000021 0.8700961894323544 0
0.5749999999986554 0.437083990294964 0
0.5249999999960114 0.4370836433225321 0
1.025000000000003 0.8700961894323551 0
0.4250000793516316 0.437083549508973 0
0.4750000132043588 0.4370835785073912 0
1.075000000000003 0.8700961894323567 0
0.4500001784379045 0.3071814406421248 0
1.125000000000002 0.8700961894323589 0
0.4250002135790848 0.2638878149775403 0
0.349945695843604 0.2206105836922346 0
1.175000000000002 0.8700961894323604 0
0.3248619558990831 0.1774455649565083 0
0.3999364267933976 0.2206341218021037 0
1.225000000000002 0.8700961894323618 0
2.199999999999994 0.6535898384862857 0
1.275000000000002 0.8700961894323631 0
2.574999999999999 0.9566987298108094 0
1.325000000000002 0.870096189432365 0
2.599999999999996 0.9133974596215986 0
2.525000000000002 0.9566987298108112 0
1.375000000000002 0.8700961894323648 0
1.425000000000009 0.8700961894323604 0
1.475000000000007 0.870096189432358 0
2.65007336369073 0.9136816395907764 0
2.424999999999993 0.7834936490539932 0
1.500000000000003 0.8267949192431504 0
1.550000000000004 0.8267949192431594 0
2.674676940091882 0.9572662078041103 0
1.575000000000001 0.870096189432372 0
1.625000000000003 0.8700961894323732 0
1.675000000000002 0.8700961894323751 0
1.725000000000002 0.8700961894323765 0
1.77500000000001 0.8700961894323835 0
1.825000000000015 0.8700961894323983 0
1.850000000000001 0.9133974596216028 0
2.50000000000001 0.9133974596216121 0
1.900000000000001 0.9133974596216046 0
1.949999999999999 0.9133974596216058 0
1.999999999999998 0.9133974596216063 0
2.049999999999999 0.9133974596216098 0
2.225000000000001 0.9566987298108121 0
2.100000000000001 0.9133974596216095 0
2.149999999999997 0.9133974596216139 0
2.175 0.9566987298108175 0
2.249999999999998 0.9133974596216197 0
2.299999999999998 0.913397459621619 0
2.349999999999999 0.9133974596216199 0
2.4 0.91339745962162 0
2.450000000000001 0.9133974596216178 0
0.1056968611279647 0.5618101346852344 0
0.200191159618152 0.653546981701555 0
0.2251996516036683 0.6102792322719464 0
0.2501936211098057 0.5670695965276382 0
0.2252850023607622 0.5238091675836707 0
0.2004799682531948 0.4803997176618122 0
0.1504613415528586 0.3075558306973343 0
0.2254169815094591 0.4372803026324856 0
0.2005195789544592 0.3939582263974363 0
0.1755877218532229 0.3505165170513542 0
2.550000284324952 0.122148481682791 0
2.625686574074623 0.09311733702947544 0
2.425 0.04014166688948295 0
2.474562178075815 0.04379219796108702 0
2.376518299638856 0.09862328639306933 0
2.247445421448159 0.08639988780047042 0
2.321094454328461 0.04483963304552407 0
2.677100947630864 0.04254271239248908 0
0.5749737064139755 0.04784020762937419 0
0.4499999999999988 0.08519149516275915 0
1.949830137258214 0.1694526495600153 0
0.5038729229322771 0.1324542480636109 0
1.100801649408327 0.170741274676475 0
1.028949740880085 0.1314020124776561 0
1.700817825656392 0.1364246584791458 0
1.749184717098333 0.08415260123576723 0
0.9750000000000179 0.178686911620525 0
1.501688119356505 0.2213834337310903 0
0.9028095870108086 0.2200791658587814 0
0.8538649871107759 0.2206093571921345 0
1.554106512261613 0.219227301389614 0
1.630668889575038 0.1741014513663066 0
1.824964762025469 0.05361641847076226 0
2.074999999999998 0.04189022497353634 0
2.123234909266985 0.05350323319529826 0
1.150000000000013 0.2285391837630189 0
0.8000000000000032 0.1652557685041529 0
2.199999999999999 0.08519149516275781 0
0.3789001253102955 0.04484237860586482 0
0.7500000000000178 0.2237588304770516 0
1.200000000000001 0.1652464050868273 0
0.7017501711977645 0.2106663108890268 0
1.449300394822716 0.1653461364004001 0
1.25216923504097 0.2213462833316842 0
1.300433847008203 0.2286633195624055 0
1.350000000000001 0.1652531529324928 0
1.400000000000013 0.2285390984185262 0
0.323383354462661 0.09868169659137976 0
0.2749999999999977 0.04189022497351141 0
0.2250000000000023 0.04014166688945692 0
0.175057976914033 0.09360272113660362 0
0.125709566548057 0.03446530953328225 0
0.03687507593584716 0.5760621962226899 0
2.718715753312141 0.09432329313270171 0
2.723223362674398 0.9587511490400753 0
0.07954432844985537 0.04541122680577314 0
0.08147095820092765 0.349819377716063 0
2.717696710534042 0.7000826427653692 0
2.719815715342501 0.3500914047146553 0
0.08037990569049547 0.6931040852782866 0
2.762263210385031 0.07417399228491506 0
0.07686402927429103 0.1032431299280762 0
2.718076213713813 0.6052693355976727 0
0.0350248321995732 0.625 0
0.08369777965417624 0.4418125744985542 0
2.71751843310247 0.4433385423492655 0
2.716905472692077 0.2582676149804909 0
0.03415793223787844 0.275 0
0.0334936490538873 0.8750000000000001 0
2.767055000983138 0.8736332474152648 0
2.766655156515803 0.525 0
0.08431744896343307 0.5181801440314977 0
0.08397459621557668 0.1824573519456953 0
2.716025403784452 0.1824573519457677 0
0.03289021855300134 0.7761023655942222 0
2.766121780326015 0.7785803476614095 0
2.763397459621555 0.9633974596215552 0
0.03660254037844468 0.03660254037844479 0
0.03660254037844446 0.9633974596215562 0
0.938198355858726 0.1663913983350436 0
1.663198355858726 0.1230901281458213 0
1.986096292729737 0.1782036733876938 0
1.586488946698638 0.1738764823107096 0
2.287788446172204 0.09333904768818491 0
1.787171504735321 0.09239773475863577 0
2.587862555552865 0.08338187970842692 0
2.162830620298656 0.09606961104246703 0
1.913642799034844 0.1820449069814628 0
1.063198355858726 0.184089548826694 0
0.4131983558587291 0.09748700844825131 0
2.763762744517769 0.03623725548223022 0
0.5374158780225503 0.0843367213611127 0
2.037986928011519 0.07966679003210059 0
2.01295518501054 0.1280809607332626 0
2.512209379846226 0.0832320829702482 0
1.861734375528975 0.0925324097105677 0
1.888525187334199 0.1379192418406786 0
0.663931691596213 0.1699123111807183 0
0.6367468010115815 0.1248102558686487 0
0.6115194062435055 0.08158788680839396 0
0.06468429921037422 0.6457754994675469 0
0.06881767857992616 0.5574554710971821 0
0.06874705457597274 0.146913541790909 0
2.730573506685133 0.1419247911242599 0
$EndNodes
$Elements
5 2766 1 2766
1 1 1 56
1 1 5 
2 5 6 
3 6 7 
4 7 8 
5 8 9 
6 9 10 
7 10 11 
8 11 12 
9 12 13 
10 13 14 
11 14 15 
12 15 16 
13 16 17 
14 17 18 
15 18 19 
16 19 20 
17 20 21 
18 21 22 
19 22 23 
20 23 24 
21 24 25 
22 25 26 
23 26 27 
24 27 28 
25 28 29 
26 29 30 
27 30 31 
28 31 32 
29 32 33 
30 33 34 
31 34 35 
32 35 36 
33 36 37 
34 37 38 
35 38 39 
36 39 40 
37 40 41 
38 41 42 
39 42 43 
40 43 44 
41 44 45 
42 45 46 
43 46 47 
44 47 48 
45 48 49 
46 49 50 
47 50 51 
48 51 52 
49 52 53 
50 53 54 
51 54 55 
52 55 56 
53 56 57 
54 57 58 
55 58 59 
56 59 2 
1 2 1 20
57 2 60 
58 60 61 
59 61 62 
60 62 63 
61 63 64 
62 64 65 
63 65 66 
64 66 67 
65 67 68 
66 68 69 
67 69 70 
68 70 71 
69 71 72 
70 72 73 
71 73 74 
72 74 75 
73 75 76 
74 76 77 
75 77 78 
76 78 3 
1 3 1 56
77 3 79 
78 79 80 
79 80 81 
80 81 82 
81 82 83 
82 83 84 
83 84 85 
84 85 86 
85 86 87 
86 87 88 
87 88 89 
88 89 90 
89 90 91 
90 91 92 
91 92 93 
92 93 94 
93 94 95 
94 95 96 
95 96 97 
96 97 98 
97 98 99 
98 99 100 
99 100 101 
100 101 102 
101 102 103 
102 103 104 
103 104 105 
104 105 106 
105 106 107 
106 107 108 
107 108 109 
108 109 110 
109 110 111 
110 111 112 
111 112 113 
112 113 114 
113 114 115 
114 115 116 
115 116 117 
116 117 118 
117 118 119 
118 119 120 
119 120 121 
120 121 122 
121 122 123 
122 123 124 
123 124 125 
124 125 126 
125 126 127 
126 127 128 
127 128 129 
128 129 130 
129 130 131 
130 131 132 
131 132 133 
132 133 4 
1 4 1 20
133 4 134 
134 134 135 
135 135 136 
136 136 137 
137 137 138 
138 138 139 
139 139 140 
140 140 141 
141 141 142 
142 142 143 
143 143 144 
144 144 145 
145 145 146 
146 146 147 
147 147 148 
148 148 149 
149 149 150 
150 150 151 
151 151 152 
152 152 1 
2 1 2 2614
153 887 888 172 
154 73 597 171 
155 588 1294 584 
156 1293 1294 588 
157 1314 1315 816 
158 816 1315 815 
159 826 1296 577 
160 826 1318 1296 
161 856 1311 1308 
162 856 1308 976 
163 989 1322 990 
164 1320 1322 989 
165 1309 1310 986 
166 986 1310 985 
167 841 1324 840 
168 841 1325 1324 
169 583 1329 589 
170 583 1330 1329 
171 172 1348 887 
172 205 1050 626 
173 175 1319 587 
174 491 1316 837 
175 837 1321 491 
176 1019 1304 1071 
177 1071 1307 1019 
178 170 1293 588 
179 492 1320 989 
180 989 1317 492 
181 588 1295 170 
182 587 1328 175 
183 841 1326 489 
184 489 1325 841 
185 997 1306 916 
186 916 1305 997 
187 876 1323 498 
188 498 1327 876 
189 207 1298 643 
190 643 1292 207 
191 188 1330 583 
192 583 1331 188 
193 585 1297 170 
194 170 1295 585 
195 976 1308 498 
196 498 1323 976 
197 559 1300 1008 
198 1008 1302 559 
199 492 1317 985 
200 985 1310 492 
201 837 1316 1103 
202 1103 1303 837 
203 491 1321 840 
204 840 1324 491 
205 876 1327 489 
206 489 1326 876 
207 175 1328 589 
208 589 1329 175 
209 188 1331 886 
210 886 1332 188 
211 181 608 139 
212 210 1334 1298 
213 1298 1334 643 
214 556 1375 1291 
215 497 1378 1322 
216 162 1376 1313 
217 1302 1372 561 
218 201 1370 1319 
219 833 1369 1304 
220 163 1367 1315 
221 1291 1366 563 
222 1297 1364 190 
223 1313 1365 206 
224 1311 1363 488 
225 1312 1361 1080 
226 1309 1360 490 
227 1322 1378 990 
228 1291 1375 1021 
229 1313 1376 918 
230 1008 1372 1302 
231 1319 1370 587 
232 1304 1369 1071 
233 1315 1367 815 
234 1021 1366 1291 
235 585 1364 1297 
236 918 1365 1313 
237 856 1363 1311 
238 855 1361 1312 
239 986 1360 1309 
240 176 961 590 
241 203 962 599 
242 886 1342 1336 
243 886 1336 1332 
244 635 896 171 
245 212 594 593 
246 1362 1374 813 
247 820 1374 1362 
248 626 1345 205 
249 597 1338 171 
250 74 597 73 
251 590 1347 176 
252 196 1149 870 
253 962 1346 599 
254 139 608 138 
255 135 601 134 
256 168 870 869 
257 181 1340 608 
258 635 1343 896 
259 593 1350 212 
260 621 1352 1066 
261 187 593 591 
262 186 604 602 
263 601 1359 134 
264 1067 1353 883 
265 642 1354 1084 
266 186 606 604 
267 171 1338 635 
268 591 595 187 
269 1050 1337 626 
270 870 1351 196 
271 887 1067 883 
272 212 1335 594 
273 599 1339 203 
274 1066 1352 169 
275 888 1337 172 
276 961 1339 590 
277 1066 1345 621 
278 625 1382 1281 
279 1333 1382 625 
280 184 1353 1067 
281 1084 1354 198 
282 168 1351 870 
283 1334 1384 641 
284 950 1384 1334 
285 1084 1347 642 
286 869 1346 168 
287 604 606 605 
288 196 1343 1149 
289 606 607 605 
290 607 609 605 
291 606 608 607 
292 405 1290 1287 
293 187 1350 593 
294 602 1349 186 
295 402 1169 609 
296 609 1169 605 
297 609 611 402 
298 607 610 609 
299 611 628 402 
300 610 611 609 
301 222 628 224 
302 610 612 611 
303 402 628 222 
304 224 628 358 
305 610 613 612 
306 613 614 612 
307 613 625 614 
308 614 615 612 
309 614 616 615 
310 616 617 615 
311 616 618 617 
312 616 619 618 
313 619 620 618 
314 619 621 620 
315 621 622 620 
316 622 623 620 
317 622 624 623 
318 622 626 624 
319 1159 1256 385 
320 397 780 386 
321 1031 1165 777 
322 351 774 357 
323 357 774 769 
324 1087 1246 1230 
325 344 776 334 
326 786 1173 787 
327 787 1173 333 
328 868 1188 332 
329 300 789 298 
330 777 1165 776 
331 385 1256 791 
332 769 775 357 
333 332 1188 1002 
334 292 1076 290 
335 743 1074 1000 
336 790 1140 741 
337 1061 1074 743 
338 700 1075 702 
339 744 1060 1059 
340 512 781 779 
341 512 779 778 
342 696 1116 698 
343 788 790 364 
344 512 780 397 
345 385 791 774 
346 1114 1115 766 
347 385 774 351 
348 780 1256 1159 
349 692 1096 694 
350 780 1159 386 
351 1038 1039 745 
352 1038 1181 1120 
353 788 1140 790 
354 745 1181 1038 
355 357 776 344 
356 298 789 364 
357 364 789 788 
358 907 909 746 
359 776 1165 334 
360 686 910 688 
361 626 627 624 
362 682 911 684 
363 789 1173 786 
364 682 1102 911 
365 790 1188 868 
366 1002 1076 332 
367 680 1102 682 
368 1001 1074 368 
369 300 1173 789 
370 1000 1074 1001 
371 747 1100 968 
372 368 1076 1001 
373 1156 1171 579 
374 332 1076 292 
375 290 1076 368 
376 676 1101 678 
377 743 1075 1061 
378 579 1171 539 
379 744 1116 1060 
380 909 910 746 
381 702 1075 743 
382 1059 1075 744 
383 744 1075 700 
384 959 1135 748 
385 766 1116 696 
386 698 1116 744 
387 746 910 686 
388 1096 1114 766 
389 1115 1116 766 
390 1230 1246 777 
391 672 1121 674 
392 745 1096 692 
393 694 1096 766 
394 957 1158 327 
395 1039 1096 745 
396 1120 1181 910 
397 327 1158 770 
398 746 911 907 
399 252 1172 250 
400 741 1188 790 
401 787 1246 1087 
402 684 911 746 
403 602 604 603 
404 250 1172 772 
405 250 772 248 
406 747 1102 680 
407 775 776 357 
408 747 1101 1100 
409 748 1101 676 
410 678 1101 747 
411 968 1102 747 
412 748 1135 1101 
413 748 1121 959 
414 910 1181 688 
415 769 1091 775 
416 749 1121 672 
417 1156 1235 546 
418 771 773 325 
419 248 772 325 
420 674 1121 748 
421 396 1179 362 
422 552 1244 1240 
423 1241 1243 580 
424 958 1121 749 
425 325 772 771 
426 568 598 570 
427 568 783 598 
428 518 636 634 
429 749 1158 958 
430 958 1158 957 
431 790 868 364 
432 803 963 773 
433 1213 1216 946 
434 771 1147 773 
435 773 1147 802 
436 356 947 387 
437 365 803 800 
438 598 599 570 
439 519 1146 407 
440 802 803 773 
441 770 1172 327 
442 582 599 598 
443 365 963 803 
444 631 792 401 
445 327 1172 252 
446 777 1246 1031 
447 408 637 630 
448 326 1041 801 
449 800 1041 365 
450 602 603 600 
451 801 1170 326 
452 242 1041 240 
453 798 803 802 
454 784 970 638 
455 629 970 784 
456 216 603 537 
457 630 637 571 
458 1091 1230 775 
459 362 1179 947 
460 569 783 568 
461 362 947 356 
462 875 1010 853 
463 600 603 214 
464 629 784 569 
465 401 633 631 
466 550 781 510 
467 518 1146 636 
468 793 1143 827 
469 603 604 537 
470 387 947 401 
471 558 1146 519 
472 32 1023 31 
473 569 630 629 
474 775 777 776 
475 542 846 793 
476 213 600 214 
477 909 1120 910 
478 31 1023 877 
479 874 1010 875 
480 798 802 797 
481 801 1041 800 
482 195 1010 874 
483 365 1041 242 
484 510 781 512 
485 955 999 751 
486 827 1143 353 
487 326 1170 1127 
488 377 931 378 
489 522 640 536 
490 1240 1244 533 
491 592 792 631 
492 729 999 956 
493 773 963 325 
494 1215 1217 926 
495 349 1105 360 
496 577 1144 826 
497 31 877 30 
498 874 1023 195 
499 778 780 512 
500 550 782 781 
501 350 638 348 
502 408 630 526 
503 637 639 571 
504 131 213 183 
505 378 931 382 
506 660 797 727 
507 240 1041 326 
508 214 603 216 
509 870 1149 558 
510 956 999 955 
511 761 791 764 
512 1170 1176 956 
513 1095 1166 416 
514 629 630 571 
515 558 1149 1146 
516 499 1088 825 
517 760 791 761 
518 953 1131 1051 
519 1001 1076 1002 
520 658 797 660 
521 407 1146 518 
522 640 642 536 
523 360 1105 1090 
524 389 964 403 
525 793 846 639 
526 164 871 838 
527 571 639 411 
528 1157 1160 502 
529 867 1064 923 
530 363 638 350 
531 718 1087 723 
532 846 881 411 
533 838 898 164 
534 755 895 653 
535 129 1065 804 
536 569 784 783 
537 132 213 131 
538 208 1012 994 
539 707 1026 705 
540 835 898 838 
541 195 1023 32 
542 415 418 417 
543 797 802 727 
544 406 637 408 
545 751 1131 955 
546 1065 1161 804 
547 638 970 348 
548 30 877 164 
549 102 866 101 
550 213 214 183 
551 405 964 389 
552 398 792 513 
553 1005 1222 1219 
554 164 877 871 
555 408 519 407 
556 502 1160 1094 
557 544 556 543 
558 955 1131 953 
559 843 1090 578 
560 205 1066 144 
561 653 895 651 
562 812 814 811 
563 401 792 398 
564 866 1064 867 
565 401 947 633 
566 151 1072 150 
567 211 1072 151 
568 202 940 939 
569 238 1127 236 
570 991 993 988 
571 639 846 411 
572 705 1026 736 
573 1211 1212 945 
574 1204 1205 267 
575 540 637 406 
576 754 880 649 
577 826 1144 825 
578 149 1067 148 
579 598 783 523 
580 556 1136 543 
581 173 951 127 
582 144 1066 143 
583 563 564 522 
584 50 190 49 
585 65 961 176 
586 381 949 552 
587 716 740 718 
588 801 1176 1170 
589 305 1098 307 
590 353 355 354 
591 1253 1254 925 
592 63 1084 198 
593 341 1105 349 
594 387 401 398 
595 481 1142 497 
596 112 936 111 
597 545 1098 305 
598 1095 1144 576 
599 857 1026 707 
600 715 794 737 
601 1069 1190 1189 
602 57 207 56 
603 540 1143 793 
604 712 714 713 
605 956 1176 729 
606 194 935 934 
607 347 411 338 
608 697 1006 721 
609 716 785 740 
610 825 1088 811 
611 890 894 891 
612 20 992 19 
613 347 970 629 
614 793 827 542 
615 649 880 647 
616 764 778 765 
617 501 805 485 
618 794 795 737 
619 785 786 740 
620 1123 1124 794 
621 871 877 872 
622 992 995 983 
623 236 1127 410 
624 878 898 835 
625 373 828 388 
626 988 993 987 
627 1061 1075 1059 
628 987 993 156 
629 228 1068 230 
630 1051 1131 342 
631 877 1023 872 
632 342 998 899 
633 517 1151 393 
634 850 932 854 
635 110 933 109 
636 411 881 338 
637 871 872 842 
638 849 1010 848 
639 158 862 861 
640 230 1068 346 
641 66 961 65 
642 111 936 194 
643 235 966 237 
644 692 694 693 
645 25 829 154 
646 56 1020 55 
647 127 951 126 
648 159 849 848 
649 751 999 650 
650 192 829 26 
651 114 939 113 
652 237 966 367 
653 322 847 309 
654 337 1104 341 
655 906 907 339 
656 1024 1025 504 
657 728 797 658 
658 684 746 686 
659 919 920 912 
660 991 994 993 
661 207 1020 56 
662 321 334 308 
663 317 1098 1097 
664 343 502 413 
665 349 350 348 
666 601 602 600 
667 854 1013 1009 
668 925 1036 865 
669 28 878 27 
670 62 950 61 
671 64 1084 63 
672 102 1064 866 
673 108 861 107 
674 159 932 850 
675 294 868 332 
676 317 323 322 
677 374 948 546 
678 316 1043 1042 
679 943 944 507 
680 689 1063 687 
681 709 857 707 
682 824 1163 1152 
683 847 881 846 
684 907 911 908 
685 409 638 363 
686 540 793 639 
687 19 992 156 
688 26 829 25 
689 87 822 204 
690 117 927 161 
691 927 928 161 
692 997 1009 179 
693 202 941 940 
694 273 275 274 
695 359 361 350 
696 526 568 538 
697 534 580 560 
698 706 708 707 
699 759 1123 725 
700 1001 1002 742 
701 833 1022 830 
702 901 903 900 
703 983 995 979 
704 34 848 33 
705 97 197 96 
706 227 1051 342 
707 257 259 258 
708 299 310 301 
709 518 1179 396 
710 576 1144 577 
711 671 960 730 
712 675 965 731 
713 714 785 716 
714 1003 1042 1005 
715 156 992 987 
716 158 863 862 
717 194 936 935 
718 263 265 264 
719 967 1099 264 
720 403 521 520 
721 422 890 424 
722 1032 1033 506 
723 572 1090 843 
724 761 764 763 
725 994 1012 993 
726 36 932 35 
727 38 179 37 
728 100 806 99 
729 219 644 548 
730 339 967 266 
731 301 823 303 
732 309 321 308 
733 336 337 324 
734 351 357 344 
735 361 363 350 
736 414 578 412 
737 568 570 538 
738 750 1148 668 
739 690 692 691 
740 705 736 703 
741 853 1010 849 
742 906 969 909 
743 40 206 39 
744 371 1029 285 
745 303 545 305 
746 414 843 578 
747 726 758 725 
748 819 1133 1109 
749 915 917 913 
750 28 898 878 
751 861 864 193 
752 398 513 510 
753 467 1070 465 
754 644 1092 548 
755 752 1147 771 
756 932 1013 854 
757 891 893 892 
758 1164 1167 893 
759 941 1057 929 
760 20 995 992 
761 125 1028 124 
762 431 920 429 
763 555 792 592 
764 674 748 676 
765 694 766 696 
766 1129 1139 796 
767 1033 1035 1034 
768 209 213 132 
769 848 1010 195 
770 259 369 261 
771 340 347 338 
772 345 827 353 
773 410 954 953 
774 438 900 529 
775 452 454 453 
776 540 639 637 
777 555 591 557 
778 667 668 666 
779 732 965 677 
780 692 693 691 
781 736 1265 1264 
782 839 871 842 
783 911 1102 908 
784 1204 1207 1035 
785 22 977 180 
786 33 195 32 
787 202 939 114 
788 119 926 118 
789 131 183 130 
790 229 1051 227 
791 316 1044 1043 
792 382 383 380 
793 384 646 645 
794 409 784 638 
795 488 1079 441 
796 904 1062 529 
797 882 885 566 
798 647 880 753 
799 650 652 651 
800 700 702 701 
801 704 706 705 
802 981 1107 978 
803 1044 1045 1043 
804 171 896 72 
805 99 153 98 
806 189 806 100 
807 101 866 189 
808 952 1051 229 
809 337 340 338 
810 384 645 644 
811 392 572 515 
812 823 824 545 
813 646 647 645 
814 650 651 649 
815 652 653 651 
816 658 660 659 
817 670 749 672 
818 676 678 677 
819 678 680 679 
820 785 1140 788 
821 800 803 798 
822 14 1007 13 
823 30 164 29 
824 38 996 179 
825 247 1052 316 
826 253 1003 315 
827 298 364 296 
828 382 931 405 
829 423 809 486 
830 485 494 483 
831 504 1106 1078 
832 710 741 712 
833 713 1139 711 
834 819 1109 817 
835 838 871 839 
836 1042 1043 1005 
837 24 1017 23 
838 164 898 29 
839 126 199 125 
840 328 1130 260 
841 413 1094 415 
842 419 1088 499 
843 1016 1048 468 
844 524 561 541 
845 526 569 568 
846 698 700 699 
847 18 1012 17 
848 86 1027 85 
849 88 822 87 
850 166 937 936 
851 166 939 938 
852 194 934 933 
853 202 1057 941 
854 326 1127 238 
855 452 1032 454 
856 466 468 467 
857 484 485 483 
858 574 1108 515 
859 555 592 591 
860 656 658 657 
861 682 684 683 
862 684 686 685 
863 908 968 967 
864 978 1107 980 
865 13 1007 201 
866 159 848 34 
867 107 861 193 
868 214 215 183 
869 304 333 302 
870 307 1098 317 
871 323 324 322 
872 323 343 336 
873 416 843 414 
874 429 920 487 
875 433 912 431 
876 441 1079 439 
877 534 560 559 
878 634 636 635 
879 688 690 689 
880 862 864 861 
881 922 924 923 
882 817 1109 43 
883 128 173 127 
884 129 804 128 
885 133 209 132 
886 214 216 215 
887 245 247 246 
888 291 293 292 
889 306 1031 304 
890 331 1061 1059 
891 394 1243 1241 
892 403 964 521 
893 547 582 523 
894 582 598 523 
895 724 725 719 
896 1073 1074 1061 
897 1202 1203 1112 
898 22 180 21 
899 161 1057 116 
900 199 1028 125 
901 1009 1013 179 
902 189 844 806 
903 216 218 217 
904 342 899 225 
905 349 359 350 
906 514 543 391 
907 403 517 393 
908 410 953 952 
909 503 1150 426 
910 520 882 566 
911 561 586 562 
912 592 596 595 
913 673 960 671 
914 675 731 673 
915 677 965 675 
916 710 711 709 
917 710 1126 741 
918 921 1036 925 
919 1017 1018 981 
920 23 977 22 
921 33 848 195 
922 197 897 96 
923 107 193 106 
924 111 194 110 
925 154 1018 1017 
926 921 922 165 
927 367 1085 239 
928 274 329 272 
929 330 1125 1115 
930 341 349 348 
931 360 392 391 
932 360 1090 392 
933 382 389 383 
934 466 1016 468 
935 702 743 704 
936 13 201 12 
937 15 167 14 
938 23 1017 977 
939 37 1013 36 
940 179 1013 37 
941 128 804 173 
942 241 243 242 
943 279 280 278 
944 283 284 282 
945 289 290 288 
946 297 298 296 
947 321 847 542 
948 347 571 411 
949 355 362 356 
950 375 377 376 
951 430 431 429 
952 430 1024 504 
953 470 471 469 
954 500 913 912 
955 564 640 522 
956 712 713 711 
957 796 1139 737 
958 915 918 917 
959 968 1100 1099 
960 17 208 16 
961 35 932 159 
962 48 860 163 
963 124 160 123 
964 996 997 179 
965 220 221 219 
966 222 223 221 
967 239 241 240 
968 370 957 256 
969 262 328 260 
970 286 331 284 
971 288 1073 286 
972 290 368 288 
973 294 332 292 
974 331 1059 1058 
975 368 1074 1073 
976 377 378 376 
977 435 500 433 
978 466 467 465 
979 495 525 524 
980 634 1179 518 
981 543 1136 879 
982 706 742 708 
983 716 717 715 
984 785 788 786 
985 820 821 819 
986 832 833 830 
987 834 837 832 
988 891 1164 893 
989 104 165 103 
990 105 921 104 
991 158 861 108 
992 140 181 139 
993 172 1050 146 
994 232 233 231 
995 266 967 264 
996 341 348 340 
997 395 396 362 
998 450 451 449 
999 454 455 453 
1000 535 539 501 
1001 513 550 510 
1002 576 1166 1095 
1003 737 1139 713 
1004 872 873 842 
1005 1150 1155 1024 
1006 167 1007 14 
1007 156 1012 18 
1008 25 154 24 
1009 154 1017 24 
1010 85 1027 174 
1011 99 806 153 
1012 104 921 165 
1013 105 1036 921 
1014 109 933 158 
1015 929 1057 161 
1016 166 938 937 
1017 384 644 221 
1018 222 224 223 
1019 228 229 227 
1020 235 237 236 
1021 320 966 235 
1022 245 1052 247 
1023 251 1042 1003 
1024 254 957 327 
1025 277 278 276 
1026 279 312 281 
1027 283 371 285 
1028 285 1029 287 
1029 287 318 289 
1030 289 1011 291 
1031 293 311 295 
1032 296 868 294 
1033 361 879 399 
1034 400 409 363 
1035 436 900 438 
1036 464 942 507 
1037 528 901 900 
1038 903 904 529 
1039 667 752 750 
1040 680 682 681 
1041 696 697 695 
1042 722 857 709 
1043 723 724 719 
1044 770 1148 750 
1045 814 825 811 
1046 913 919 912 
1047 939 940 938 
1048 953 1051 952 
1049 1019 1107 981 
1050 993 1012 156 
1051 977 978 180 
1052 864 865 193 
1053 220 222 221 
1054 275 276 274 
1055 306 1165 1031 
1056 420 1141 527 
1057 460 461 459 
1058 478 479 477 
1059 485 805 495 
1060 526 630 569 
1061 604 605 537 
1062 662 663 661 
1063 668 669 666 
1064 715 737 713 
1065 726 1138 758 
1066 760 761 739 
1067 752 771 767 
1068 774 791 760 
1069 761 763 762 
1070 933 934 863 
1071 872 1023 874 
1072 914 915 913 
1073 1037 1113 1039 
1074 118 927 117 
1075 146 1050 145 
1076 928 929 161 
1077 230 232 231 
1078 244 963 365 
1079 345 352 351 
1080 370 959 958 
1081 381 552 551 
1082 403 520 517 
1083 496 1117 437 
1084 474 476 475 
1085 480 1118 532 
1086 482 483 481 
1087 527 894 890 
1088 672 673 671 
1089 678 679 677 
1090 680 681 679 
1091 717 794 715 
1092 998 1131 751 
1093 978 980 979 
1094 36 1013 932 
1095 97 1089 197 
1096 126 951 199 
1097 158 933 863 
1098 159 850 849 
1099 257 258 256 
1100 329 969 272 
1101 274 1037 329 
1102 277 1014 279 
1103 1014 1015 312 
1104 1046 1047 314 
1105 1003 1004 315 
1106 330 1114 1113 
1107 408 526 519 
1108 410 1127 954 
1109 446 1081 971 
1110 520 566 565 
1111 535 553 549 
1112 646 648 647 
1113 660 661 659 
1114 694 695 693 
1115 818 819 817 
1116 831 878 835 
1117 971 974 972 
1118 977 1017 981 
1119 980 985 982 
1120 1037 1039 1038 
1121 1101 1135 1100 
1122 145 1050 205 
1123 259 260 258 
1124 269 271 270 
1125 273 274 272 
1126 275 366 277 
1127 378 379 376 
1128 393 1151 394 
1129 458 459 457 
1130 495 805 533 
1131 565 583 567 
1132 885 886 566 
1133 650 999 652 
1134 658 659 657 
1135 661 1110 659 
1136 659 1110 756 
1137 682 683 681 
1138 699 1006 697 
1139 724 1091 738 
1140 799 801 800 
1141 875 876 873 
1142 11 175 10 
1143 76 187 75 
1144 117 161 116 
1145 926 927 118 
1146 228 230 229 
1147 237 238 236 
1148 247 249 248 
1149 249 251 250 
1150 251 253 252 
1151 263 264 262 
1152 262 1099 328 
1153 273 1200 1199 
1154 334 1165 308 
1155 908 967 339 
1156 374 546 372 
1157 376 948 374 
1158 393 394 383 
1159 426 428 427 
1160 429 487 427 
1161 428 1024 430 
1162 430 432 431 
1163 434 528 436 
1164 436 438 437 
1165 500 914 913 
1166 542 847 846 
1167 555 557 554 
1168 656 657 655 
1169 662 664 663 
1170 664 666 665 
1171 668 670 669 
1172 670 672 671 
1173 684 685 683 
1174 739 1138 726 
1175 809 813 810 
1176 892 1155 1150 
1177 969 1120 909 
1178 917 919 913 
1179 968 1099 967 
1180 990 991 988 
1181 1115 1125 1060 
1182 72 896 71 
1183 806 807 153 
1184 978 979 180 
1185 224 226 225 
1186 233 1137 320 
1187 241 319 243 
1188 253 255 254 
1189 258 370 256 
1190 271 272 270 
1191 276 1037 274 
1192 309 847 321 
1193 331 1073 1061 
1194 378 382 380 
1195 438 440 439 
1196 470 472 471 
1197 494 1142 483 
1198 1097 1157 502 
1199 544 584 556 
1200 663 757 661 
1201 727 1040 662 
1202 708 710 709 
1203 812 815 814 
1204 866 867 845 
1205 906 909 907 
1206 977 981 978 
1207 1018 1019 981 
1208 71 196 70 
1209 113 939 166 
1210 147 172 146 
1211 150 184 149 
1212 152 211 151 
1213 192 831 830 
1214 216 537 218 
1215 219 548 217 
1216 218 220 219 
1217 224 225 223 
1218 230 231 229 
1219 231 952 229 
1220 230 346 232 
1221 233 234 231 
1222 237 367 239 
1223 240 326 238 
1224 267 268 266 
1225 269 270 268 
1226 268 906 339 
1227 283 1069 371 
1228 342 1131 998 
1229 373 388 375 
1230 395 540 406 
1231 426 427 425 
1232 428 429 427 
1233 434 435 433 
1234 436 437 435 
1235 438 439 437 
1236 439 496 437 
1237 440 442 441 
1238 440 1062 442 
1239 456 457 455 
1240 464 466 465 
1241 464 507 466 
1242 465 1070 493 
1243 490 1070 467 
1244 470 1048 508 
1245 472 474 473 
1246 648 650 649 
1247 654 655 653 
1248 660 662 661 
1249 757 1110 661 
1250 683 733 681 
1251 686 687 685 
1252 809 1077 813 
1253 810 812 811 
1254 812 816 815 
1255 850 851 849 
1256 850 852 851 
1257 1078 1106 902 
1258 954 956 955 
1259 980 1107 986 
1260 1032 1112 1033 
1261 8 188 7 
1262 153 1089 98 
1263 124 1028 160 
1264 143 169 142 
1265 189 866 845 
1266 221 644 219 
1267 226 227 225 
1268 227 342 225 
1269 264 1099 262 
1270 263 314 265 
1271 329 1120 969 
1272 378 380 379 
1273 418 1141 420 
1274 420 422 421 
1275 423 486 421 
1276 432 433 431 
1277 440 441 439 
1278 442 444 443 
1279 442 530 444 
1280 530 1081 444 
1281 459 491 457 
1282 460 462 461 
1283 462 464 463 
1284 462 942 464 
1285 472 473 471 
1286 485 495 494 
1287 500 1117 914 
1288 533 534 525 
1289 583 589 567 
1290 648 998 751 
1291 652 999 729 
1292 687 1063 734 
1293 690 691 689 
1294 806 844 807 
1295 812 1093 816 
1296 831 834 832 
1297 858 859 857 
1298 943 946 944 
1299 160 889 123 
1300 145 205 144 
1301 167 1008 1007 
1302 223 384 221 
1303 225 899 223 
1304 224 358 226 
1305 233 235 234 
1306 233 320 235 
1307 268 339 266 
1308 319 1145 1134 
1309 380 381 379 
1310 382 405 389 
1311 452 1111 1032 
1312 454 1032 506 
1313 456 458 457 
1314 495 533 525 
1315 1142 1154 497 
1316 648 649 647 
1317 652 729 654 
1318 714 716 715 
1319 980 982 979 
1320 982 984 983 
1321 203 961 66 
1322 150 1072 184 
1323 220 402 222 
1324 270 906 268 
1325 269 313 271 
1326 282 1125 280 
1327 303 823 545 
1328 384 899 646 
1329 422 423 421 
1330 424 425 423 
1331 424 503 426 
1332 432 434 433 
1333 438 529 440 
1334 442 443 441 
1335 442 1062 530 
1336 464 465 463 
1337 469 490 467 
1338 468 1048 470 
1339 474 475 473 
1340 478 480 479 
1341 483 1142 481 
1342 900 903 529 
1343 646 998 648 
1344 651 895 754 
1345 687 734 685 
1346 720 1063 689 
1347 690 745 692 
1348 852 856 851 
1349 854 855 852 
1350 980 986 985 
1351 984 988 987 
1352 989 990 988 
1353 1003 1005 1004 
1354 19 156 18 
1355 35 159 34 
1356 42 162 41 
1357 178 817 44 
1358 48 163 47 
1359 95 1049 94 
1360 121 930 120 
1361 191 930 121 
1362 1109 1133 162 
1363 254 327 252 
1364 1100 1135 328 
1365 912 920 431 
1366 529 1062 440 
1367 444 445 443 
1368 444 446 445 
1369 454 506 456 
1370 458 460 459 
1371 458 531 460 
1372 534 559 525 
1373 593 594 557 
1374 651 754 649 
1375 667 750 668 
1376 671 730 669 
1377 701 1119 735 
1378 722 858 857 
1379 758 759 725 
1380 752 767 750 
1381 767 770 750 
1382 839 842 841 
1383 850 854 852 
1384 1134 1145 1053 
1385 17 1012 208 
1386 63 198 62 
1387 67 203 66 
1388 87 204 86 
1389 89 155 88 
1390 94 157 93 
1391 109 158 108 
1392 115 202 114 
1393 184 1067 149 
1394 865 1036 193 
1395 410 952 234 
1396 256 957 254 
1397 389 393 383 
1398 389 403 393 
1399 418 419 417 
1400 425 809 423 
1401 427 1077 425 
1402 487 1077 427 
1403 443 488 441 
1404 507 1016 466 
1405 475 492 473 
1406 480 481 479 
1407 480 532 482 
1408 810 811 486 
1409 654 656 655 
1410 667 1040 752 
1411 700 701 699 
1412 702 703 701 
1413 706 707 705 
1414 830 1022 829 
1415 839 841 840 
1416 914 916 915 
1417 982 983 979 
1418 82 185 81 
1419 120 177 119 
1420 177 926 119 
1421 216 217 215 
1422 278 1113 276 
1423 343 413 412 
1424 390 400 363 
1425 516 522 404 
1426 522 536 404 
1427 502 1094 413 
1428 415 417 416 
1429 420 527 422 
1430 439 1079 496 
1431 446 448 447 
1432 446 971 448 
1433 478 1118 480 
1434 495 524 494 
1435 971 972 505 
1436 972 973 505 
1437 514 1108 544 
1438 526 538 519 
1439 521 882 520 
1440 521 884 883 
1441 869 870 558 
1442 580 581 560 
1443 576 577 575 
1444 691 720 689 
1445 1000 1001 742 
1446 972 975 973 
1447 984 987 983 
1448 1098 1157 1097 
1449 206 996 39 
1450 143 1066 169 
1451 979 995 180 
1452 226 228 227 
1453 239 1085 241 
1454 413 415 414 
1455 446 447 445 
1456 449 498 447 
1457 505 1111 450 
1458 453 489 451 
1459 456 1082 458 
1460 506 1082 456 
1461 1070 1071 493 
1462 652 654 653 
1463 672 674 673 
1464 743 1000 704 
1465 706 1000 742 
1466 708 709 707 
1467 874 875 873 
1468 884 887 883 
1469 973 1112 1111 
1470 1111 1112 1032 
1471 44 817 43 
1472 137 186 136 
1473 189 845 844 
1474 218 219 217 
1475 263 1046 314 
1476 281 1069 283 
1477 286 1073 331 
1478 337 338 324 
1479 346 828 373 
1480 536 1168 404 
1481 783 784 409 
1482 425 1077 809 
1483 428 430 429 
1484 430 504 432 
1485 432 1078 434 
1486 434 436 435 
1487 437 1117 435 
1488 528 900 436 
1489 444 1081 446 
1490 448 971 505 
1491 458 1082 531 
1492 470 508 472 
1493 567 1151 517 
1494 528 1078 902 
1495 948 1156 546 
1496 899 998 646 
1497 698 699 697 
1498 738 769 760 
1499 771 772 767 
1500 810 1093 812 
1501 835 836 834 
1502 942 1083 945 
1503 954 955 953 
1504 984 989 988 
1505 27 878 192 
1506 122 191 121 
1507 178 818 817 
1508 325 963 246 
1509 316 1042 249 
1510 316 1052 1044 
1511 379 948 376 
1512 381 511 379 
1513 417 1095 416 
1514 450 452 451 
1515 450 1111 452 
1516 454 456 455 
1517 531 1083 460 
1518 1079 1080 496 
1519 573 576 575 
1520 821 1133 819 
1521 851 853 849 
1522 154 1022 1018 
1523 237 239 238 
1524 281 282 280 
1525 280 1125 330 
1526 285 286 284 
1527 331 1058 284 
1528 287 288 286 
1529 287 1029 318 
1530 368 1073 288 
1531 291 292 290 
1532 293 294 292 
1533 295 296 294 
1534 346 373 372 
1535 373 375 374 
1536 387 397 386 
1537 434 1078 528 
1538 448 449 447 
1539 468 469 467 
1540 468 470 469 
1541 481 497 479 
1542 809 810 486 
1543 1080 1132 496 
1544 973 1111 505 
1545 528 902 901 
1546 657 1128 655 
1547 659 756 657 
1548 714 715 713 
1549 839 840 836 
1550 921 925 922 
1551 987 992 983 
1552 1059 1060 1058 
1553 1060 1125 1058 
1554 94 1049 157 
1555 923 1064 165 
1556 255 257 256 
1557 279 1014 312 
1558 299 300 298 
1559 361 399 390 
1560 511 948 379 
1561 424 890 503 
1562 465 493 463 
1563 482 484 483 
1564 1034 1082 506 
1565 942 943 507 
1566 561 562 541 
1567 824 1157 545 
1568 547 590 582 
1569 734 1055 685 
1570 686 688 687 
1571 42 1109 162 
1572 55 1020 182 
1573 168 962 68 
1574 193 1036 106 
1575 166 936 112 
1576 236 410 234 
1577 279 281 280 
1578 312 1069 281 
1579 283 285 284 
1580 285 287 286 
1581 289 291 290 
1582 318 1011 289 
1583 293 295 294 
1584 364 868 296 
1585 297 299 298 
1586 375 376 374 
1587 381 551 511 
1588 392 515 514 
1589 448 450 449 
1590 448 505 450 
1591 452 453 451 
1592 535 549 539 
1593 581 587 560 
1594 648 751 650 
1595 696 698 697 
1596 799 800 798 
1597 851 976 853 
1598 21 995 20 
1599 27 192 26 
1600 96 897 95 
1601 115 1057 202 
1602 807 808 153 
1603 829 1022 154 
1604 346 372 232 
1605 245 246 244 
1606 245 1134 1052 
1607 247 248 246 
1608 248 325 246 
1609 247 316 249 
1610 249 250 248 
1611 251 252 250 
1612 301 302 300 
1613 303 304 302 
1614 330 1115 1114 
1615 395 406 396 
1616 416 1166 843 
1617 500 912 433 
1618 460 1083 462 
1619 462 463 461 
1620 476 477 475 
1621 1025 1106 504 
1622 944 1016 507 
1623 520 565 517 
1624 647 753 645 
1625 666 1054 665 
1626 685 1055 683 
1627 701 735 699 
1628 703 1119 701 
1629 718 719 717 
1630 738 739 726 
1631 738 1091 769 
1632 787 1087 740 
1633 794 1124 795 
1634 838 839 836 
1635 936 937 935 
1636 971 1081 974 
1637 1052 1053 1044 
1638 198 950 62 
1639 65 176 64 
1640 176 1084 64 
1641 68 962 67 
1642 69 168 68 
1643 192 830 829 
1644 243 244 242 
1645 251 1003 253 
1646 253 254 252 
1647 276 1113 1037 
1648 277 279 278 
1649 330 1113 278 
1650 305 306 304 
1651 336 1104 337 
1652 349 360 359 
1653 406 408 407 
1654 420 421 419 
1655 462 1083 942 
1656 476 478 477 
1657 890 891 503 
1658 1033 1034 506 
1659 572 573 515 
1660 664 665 663 
1661 664 1040 667 
1662 670 671 669 
1663 670 1148 749 
1664 736 1119 703 
1665 716 718 717 
1666 718 723 719 
1667 740 1087 718 
1668 725 1123 719 
1669 723 1091 724 
1670 802 1147 727 
1671 786 787 740 
1672 764 765 763 
1673 831 832 830 
1674 942 945 943 
1675 1113 1114 1039 
1676 29 898 28 
1677 78 212 77 
1678 85 174 84 
1679 92 200 91 
1680 157 1056 93 
1681 165 1064 103 
1682 116 1057 115 
1683 241 242 240 
1684 243 245 244 
1685 243 1134 245 
1686 246 963 244 
1687 253 315 255 
1688 255 256 254 
1689 307 308 306 
1690 346 1068 828 
1691 399 404 390 
1692 400 547 523 
1693 463 1103 461 
1694 480 482 481 
1695 565 567 517 
1696 521 883 882 
1697 575 585 574 
1698 664 667 666 
1699 669 1054 666 
1700 674 675 673 
1701 731 960 673 
1702 676 677 675 
1703 679 1122 732 
1704 769 774 760 
1705 778 779 765 
1706 788 789 786 
1707 835 838 836 
1708 39 996 38 
1709 45 178 44 
1710 52 170 51 
1711 106 1036 105 
1712 223 899 384 
1713 241 1085 319 
1714 244 365 242 
1715 319 1134 243 
1716 275 277 276 
1717 321 335 334 
1718 335 345 344 
1719 353 354 352 
1720 421 1088 419 
1721 435 1117 500 
1722 484 535 501 
1723 656 728 658 
1724 668 1148 670 
1725 702 704 703 
1726 708 1126 710 
1727 719 1123 717 
1728 758 768 759 
1729 73 171 72 
1730 194 933 110 
1731 120 930 177 
1732 239 240 238 
1733 272 969 270 
1734 1085 1086 319 
1735 523 783 409 
1736 660 727 662 
1737 733 1122 681 
1738 694 696 695 
1739 711 722 709 
1740 728 799 798 
1741 101 189 100 
1742 261 262 260 
1743 265 266 264 
1744 280 330 278 
1745 345 351 344 
1746 347 629 571 
1747 356 387 386 
1748 370 1130 959 
1749 373 374 372 
1750 394 949 383 
1751 387 398 397 
1752 419 499 417 
1753 811 1088 486 
1754 513 554 550 
1755 573 575 574 
1756 655 755 653 
1757 662 1040 664 
1758 683 1055 733 
1759 735 1006 699 
1760 761 762 739 
1761 1060 1116 1115 
1762 123 889 122 
1763 358 905 226 
1764 235 236 234 
1765 259 261 260 
1766 1038 1120 329 
1767 722 1139 1129 
1768 1035 1207 1034 
1769 59 210 58 
1770 113 166 112 
1771 122 889 191 
1772 905 1068 228 
1773 270 969 906 
1774 366 1014 277 
1775 907 908 339 
1776 892 1150 503 
1777 513 555 554 
1778 549 579 539 
1779 655 1128 755 
1780 813 1093 810 
1781 818 820 819 
1782 180 995 21 
1783 808 1089 153 
1784 265 267 266 
1785 407 518 396 
1786 398 510 397 
1787 730 1054 669 
1788 688 689 687 
1789 741 1140 712 
1790 831 835 834 
1791 897 1049 95 
1792 226 905 228 
1793 267 269 268 
1794 281 283 282 
1795 287 289 288 
1796 355 395 362 
1797 370 958 957 
1798 484 501 485 
1799 535 1153 553 
1800 592 631 596 
1801 728 798 797 
1802 795 796 737 
1803 859 1026 857 
1804 55 182 54 
1805 922 923 165 
1806 1020 1021 182 
1807 192 878 831 
1808 249 1042 251 
1809 406 407 396 
1810 634 635 632 
1811 697 721 695 
1812 1052 1134 1053 
1813 209 600 213 
1814 234 952 231 
1815 260 1130 258 
1816 369 1046 261 
1817 301 303 302 
1818 476 509 478 
1819 524 541 494 
1820 679 732 677 
1821 681 1122 679 
1822 704 1000 706 
1823 204 1027 86 
1824 93 1056 92 
1825 1037 1038 329 
1826 527 890 422 
1827 493 1103 463 
1828 562 1154 541 
1829 678 747 680 
1830 704 705 703 
1831 1117 1132 914 
1832 71 896 196 
1833 98 1089 97 
1834 103 1064 102 
1835 261 1046 263 
1836 305 307 306 
1837 337 341 340 
1838 509 1118 478 
1839 908 1102 968 
1840 1094 1160 1141 
1841 43 1109 42 
1842 544 588 584 
1843 674 676 675 
1844 1002 1126 742 
1845 1039 1114 1096 
1846 67 962 203 
1847 284 1058 282 
1848 1104 1105 341 
1849 352 385 351 
1850 510 512 397 
1851 504 1078 432 
1852 711 1139 722 
1853 310 823 301 
1854 307 317 309 
1855 328 1135 1130 
1856 415 416 414 
1857 514 544 543 
1858 261 263 262 
1859 271 273 272 
1860 293 1030 311 
1861 428 1150 1024 
1862 541 1142 494 
1863 1090 1105 578 
1864 1058 1125 282 
1865 515 1108 514 
1866 573 574 515 
1867 92 1056 200 
1868 291 1030 293 
1869 299 301 300 
1870 304 1031 333 
1871 532 1153 482 
1872 516 563 522 
1873 592 595 591 
1874 717 1123 794 
1875 854 1009 855 
1876 884 888 887 
1877 343 1097 502 
1878 413 414 412 
1879 538 558 519 
1880 742 1126 708 
1881 724 726 725 
1882 959 1121 958 
1883 322 881 847 
1884 633 634 632 
1885 258 1130 370 
1886 302 1173 300 
1887 303 305 304 
1888 315 1216 1213 
1889 1099 1100 328 
1890 400 523 409 
1891 596 597 595 
1892 710 712 711 
1893 872 874 873 
1894 1130 1135 959 
1895 308 1165 306 
1896 543 879 391 
1897 891 892 503 
1898 756 1128 657 
1899 209 601 600 
1900 345 353 352 
1901 355 356 354 
1902 578 1104 412 
1903 856 976 851 
1904 1086 1145 319 
1905 321 542 335 
1906 323 336 324 
1907 335 344 334 
1908 335 827 345 
1909 343 412 336 
1910 412 1104 336 
1911 1152 1163 894 
1912 496 1132 1117 
1913 591 593 557 
1914 360 391 359 
1915 631 633 632 
1916 814 826 825 
1917 946 1216 944 
1918 415 1094 418 
1919 564 641 640 
1920 712 1140 714 
1921 823 1163 824 
1922 297 1167 299 
1923 914 1132 916 
1924 392 1090 572 
1925 418 420 419 
1926 570 869 538 
1927 729 1162 654 
1928 295 297 296 
1929 367 1233 1232 
1930 521 964 884 
1931 642 1177 536 
1932 722 1129 858 
1933 307 309 308 
1934 426 1150 428 
1935 511 1156 948 
1936 317 322 309 
1937 399 516 404 
1938 727 1147 1040 
1939 767 1172 770 
1940 714 1140 785 
1941 1024 1155 1025 
1942 49 860 48 
1943 499 1095 417 
1944 645 1092 644 
1945 698 744 700 
1946 824 1160 1157 
1947 392 514 391 
1948 513 792 555 
1949 232 1137 233 
1950 825 1144 499 
1951 541 1154 1142 
1952 762 1138 739 
1953 1040 1147 752 
1954 359 879 361 
1955 1011 1030 291 
1956 1094 1141 418 
1957 542 827 335 
1958 340 970 347 
1959 486 1088 421 
1960 354 1159 352 
1961 1127 1170 954 
1962 395 1143 540 
1963 753 1092 645 
1964 310 1163 823 
1965 220 1169 402 
1966 892 1174 1155 
1967 759 1124 1123 
1968 843 1166 572 
1969 399 1136 516 
1970 1146 1149 636 
1971 544 1108 588 
1972 190 860 49 
1973 579 1235 1156 
1974 546 1137 372 
1975 424 426 425 
1976 422 424 423 
1977 297 1175 1167 
1978 299 1167 310 
1979 348 970 340 
1980 404 1168 390 
1981 578 1105 1104 
1982 482 1153 484 
1983 538 869 558 
1984 511 1171 1156 
1985 545 1157 1098 
1986 155 822 88 
1987 380 949 381 
1988 564 643 641 
1989 724 738 726 
1990 738 760 739 
1991 317 1097 323 
1992 484 1153 535 
1993 323 1097 343 
1994 324 881 322 
1995 656 1162 728 
1996 356 386 354 
1997 390 1168 400 
1998 1148 1158 749 
1999 527 1152 894 
2000 1161 1180 804 
2001 361 390 363 
2002 311 1175 295 
2003 499 1144 1095 
2004 605 1169 537 
2005 631 632 596 
2006 372 1137 232 
2007 386 1159 354 
2008 728 1162 799 
2009 1092 1180 548 
2010 654 1162 656 
2011 770 1158 1148 
2012 215 1161 1065 
2013 352 1159 385 
2014 383 949 380 
2015 338 881 324 
2016 391 879 359 
2017 548 1180 1161 
2018 572 1166 573 
2019 1092 1183 1180 
2020 1152 1160 824 
2021 879 1136 399 
2022 310 1164 1163 
2023 688 1181 690 
2024 894 1164 891 
2025 130 1065 129 
2026 1141 1152 527 
2027 573 1166 576 
2028 537 1169 218 
2029 551 1171 511 
2030 353 1143 355 
2031 90 1275 1272 
2032 215 1065 183 
2033 400 1168 547 
2034 218 1169 220 
2035 772 1172 767 
2036 1174 1175 311 
2037 310 1167 1164 
2038 333 1246 787 
2039 729 1176 1162 
2040 295 1175 297 
2041 1030 1178 311 
2042 1163 1164 894 
2043 954 1170 956 
2044 1174 1178 1155 
2045 1167 1175 893 
2046 1178 1182 1025 
2047 1030 1182 1178 
2048 548 1161 217 
2049 893 1174 892 
2050 311 1178 1174 
2051 183 1065 130 
2052 1189 1190 904 
2053 536 1177 1168 
2054 333 1173 302 
2055 1162 1176 799 
2056 355 1143 395 
2057 1141 1160 1152 
2058 1180 1183 173 
2059 904 1193 1062 
2060 799 1176 801 
2061 1025 1182 1106 
2062 1053 1226 1223 
2063 217 1161 215 
2064 753 1187 1183 
2065 690 1181 745 
2066 547 1177 590 
2067 633 1179 634 
2068 1126 1188 741 
2069 804 1180 173 
2070 173 1183 951 
2071 1015 1195 1194 
2072 947 1179 633 
2073 893 1175 1174 
2074 312 1190 1069 
2075 1081 1194 974 
2076 1155 1178 1025 
2077 1011 1182 1030 
2078 1185 1186 901 
2079 1011 1184 1182 
2080 318 1184 1011 
2081 1014 1195 1015 
2082 1199 1200 975 
2083 1194 1195 974 
2084 972 1197 975 
2085 1183 1187 951 
2086 1029 1185 318 
2087 753 1183 1092 
2088 1182 1184 1106 
2089 551 1238 1171 
2090 273 1199 275 
2091 1029 1186 1185 
2092 551 1240 1238 
2093 880 1187 753 
2094 1168 1177 547 
2095 313 1200 271 
2096 1035 1205 1204 
2097 1106 1184 902 
2098 567 1192 1151 
2099 975 1202 973 
2100 1200 1202 975 
2101 313 1203 1202 
2102 318 1185 1184 
2103 902 1185 901 
2104 901 1186 903 
2105 552 1240 551 
2106 313 1202 1200 
2107 265 1204 267 
2108 1184 1185 902 
2109 1112 1203 1033 
2110 1196 1198 160 
2111 554 1255 1250 
2112 754 1191 880 
2113 371 1186 1029 
2114 1186 1189 903 
2115 775 1230 777 
2116 1034 1209 1082 
2117 1069 1189 371 
2118 1047 1211 1208 
2119 269 1205 313 
2120 1190 1193 904 
2121 903 1189 904 
2122 580 1243 581 
2123 757 1217 1215 
2124 369 1212 1211 
2125 1083 1208 945 
2126 1015 1190 312 
2127 1046 1211 1047 
2128 371 1189 1186 
2129 945 1212 943 
2130 951 1187 199 
2131 895 1198 1196 
2132 1219 1222 508 
2133 315 1213 255 
2134 1208 1211 945 
2135 1002 1188 1126 
2136 1028 1196 160 
2137 1193 1194 530 
2138 199 1191 1028 
2139 944 1218 1016 
2140 1062 1193 530 
2141 530 1194 1081 
2142 880 1191 1187 
2143 926 1217 927 
2144 1015 1194 1193 
2145 259 1214 369 
2146 1043 1222 1005 
2147 366 1195 1014 
2148 754 1196 1191 
2149 1187 1191 199 
2150 1195 1197 974 
2151 1191 1196 1028 
2152 476 1221 509 
2153 366 1197 1195 
2154 160 1198 889 
2155 589 1192 567 
2156 755 1198 895 
2157 663 1220 757 
2158 508 1224 472 
2159 974 1197 972 
2160 1232 1233 553 
2161 895 1196 754 
2162 1197 1199 975 
2163 271 1200 273 
2164 275 1199 366 
2165 889 1201 191 
2166 723 1230 1091 
2167 191 1206 930 
2168 973 1202 1112 
2169 1053 1223 1044 
2170 1201 1206 191 
2171 1128 1201 755 
2172 1223 1226 509 
2173 1015 1193 1190 
2174 1128 1206 1201 
2175 267 1205 269 
2176 367 1232 1085 
2177 1198 1201 889 
2178 755 1201 1198 
2179 314 1204 265 
2180 1153 1227 553 
2181 1033 1203 1035 
2182 1206 1210 930 
2183 539 1238 501 
2184 756 1210 1206 
2185 1047 1207 314 
2186 314 1207 1204 
2187 1207 1209 1034 
2188 1192 1243 1151 
2189 313 1205 1203 
2190 756 1206 1128 
2191 930 1210 177 
2192 533 1244 534 
2193 1171 1238 539 
2194 1082 1209 531 
2195 1208 1209 1047 
2196 531 1209 1208 
2197 546 1235 1137 
2198 531 1208 1083 
2199 369 1211 1046 
2200 1110 1210 756 
2201 1213 1214 257 
2202 1255 1259 185 
2203 177 1215 926 
2204 394 1241 949 
2205 366 1199 1197 
2206 943 1212 946 
2207 257 1214 259 
2208 255 1213 257 
2209 946 1214 1213 
2210 581 1243 1192 
2211 1216 1218 944 
2212 1210 1215 177 
2213 1031 1246 333 
2214 369 1214 1212 
2215 82 1248 185 
2216 594 1259 1255 
2217 1004 1216 315 
2218 927 1217 928 
2219 757 1215 1110 
2220 1110 1215 1210 
2221 1048 1219 508 
2222 1016 1218 1048 
2223 665 1220 663 
2224 174 1251 84 
2225 757 1220 1217 
2226 1005 1219 1004 
2227 778 1256 780 
2228 1044 1223 1045 
2229 474 1221 476 
2230 554 1250 550 
2231 474 1224 1221 
2232 665 1225 1220 
2233 925 1254 922 
2234 1222 1224 508 
2235 720 1254 1253 
2236 1045 1222 1043 
2237 1220 1225 928 
2238 1004 1219 1218 
2239 1203 1205 1035 
2240 532 1229 1227 
2241 1221 1224 1045 
2242 472 1224 474 
2243 1054 1225 665 
2244 1218 1219 1048 
2245 764 1256 778 
2246 1221 1223 509 
2247 928 1225 929 
2248 1054 1228 1225 
2249 691 1257 720 
2250 509 1226 1118 
2251 1226 1229 1118 
2252 1225 1228 929 
2253 1047 1209 1207 
2254 1118 1229 532 
2255 594 1255 557 
2256 1250 1255 185 
2257 1145 1226 1053 
2258 1145 1229 1226 
2259 1227 1229 1086 
2260 1258 1260 924 
2261 532 1227 1153 
2262 721 1258 695 
2263 730 1228 1054 
2264 929 1228 941 
2265 924 1260 923 
2266 1087 1230 723 
2267 721 1260 1258 
2268 730 1231 1228 
2269 185 1259 81 
2270 1086 1229 1145 
2271 1228 1231 941 
2272 1085 1232 1086 
2273 960 1231 730 
2274 553 1233 549 
2275 941 1231 940 
2276 1235 1236 320 
2277 960 1234 1231 
2278 1026 1265 736 
2279 1231 1234 940 
2280 1137 1235 320 
2281 579 1236 1235 
2282 1212 1214 946 
2283 940 1234 938 
2284 174 1280 1267 
2285 1004 1218 1216 
2286 731 1234 960 
2287 966 1233 367 
2288 549 1236 579 
2289 320 1236 966 
2290 1234 1237 938 
2291 1233 1236 549 
2292 731 1237 1234 
2293 1227 1232 553 
2294 965 1237 731 
2295 1264 1265 808 
2296 1274 1275 200 
2297 938 1237 937 
2298 966 1236 1233 
2299 501 1238 805 
2300 1217 1220 928 
2301 808 1266 1089 
2302 965 1239 1237 
2303 1237 1239 937 
2304 937 1239 935 
2305 1045 1223 1221 
2306 768 1275 1274 
2307 732 1239 965 
2308 1045 1224 1222 
2309 949 1241 552 
2310 1238 1240 805 
2311 1239 1242 935 
2312 805 1240 533 
2313 534 1244 580 
2314 732 1242 1239 
2315 1122 1245 1242 
2316 935 1242 934 
2317 1122 1242 732 
2318 90 1272 89 
2319 768 1274 759 
2320 1242 1245 934 
2321 733 1245 1122 
2322 1151 1243 394 
2323 934 1245 863 
2324 200 1275 91 
2325 1245 1247 863 
2326 733 1247 1245 
2327 863 1247 862 
2328 1055 1247 733 
2329 550 1250 782 
2330 1272 1275 768 
2331 1267 1280 779 
2332 1055 1249 1247 
2333 1247 1249 862 
2334 862 1249 864 
2335 758 1276 768 
2336 1086 1232 1227 
2337 734 1252 1249 
2338 1249 1252 864 
2339 734 1249 1055 
2340 1248 1250 185 
2341 83 1248 82 
2342 580 1244 1241 
2343 1063 1252 734 
2344 1063 1253 1252 
2345 864 1252 865 
2346 1241 1244 552 
2347 1248 1251 782 
2348 1252 1253 865 
2349 84 1251 83 
2350 720 1253 1063 
2351 865 1253 925 
2352 782 1267 781 
2353 781 1267 779 
2354 922 1254 924 
2355 83 1251 1248 
2356 693 1258 1257 
2357 791 1256 764 
2358 693 1257 691 
2359 720 1257 1254 
2360 721 1261 1260 
2361 1257 1258 924 
2362 557 1255 554 
2363 695 1258 693 
2364 81 1259 80 
2365 1006 1261 721 
2366 923 1260 867 
2367 1260 1261 867 
2368 1263 1264 807 
2369 1119 1264 1263 
2370 1006 1262 1261 
2371 735 1262 1006 
2372 844 1263 807 
2373 867 1261 845 
2374 845 1262 844 
2375 1261 1262 845 
2376 736 1264 1119 
2377 1119 1263 735 
2378 174 1267 1251 
2379 1262 1263 844 
2380 735 1263 1262 
2381 807 1264 808 
2382 1268 1269 897 
2383 858 1269 1268 
2384 1265 1266 808 
2385 859 1265 1026 
2386 782 1250 1248 
2387 197 1268 897 
2388 1129 1269 858 
2389 1089 1266 197 
2390 795 1273 1271 
2391 1049 1270 157 
2392 1270 1271 157 
2393 1271 1273 1056 
2394 858 1268 859 
2395 157 1271 1056 
2396 859 1268 1266 
2397 897 1269 1049 
2398 1266 1268 197 
2399 796 1270 1129 
2400 1124 1273 795 
2401 1276 1277 155 
2402 796 1271 1270 
2403 795 1271 796 
2404 1138 1277 1276 
2405 1056 1273 200 
2406 89 1272 155 
2407 1278 1279 204 
2408 1129 1270 1269 
2409 1269 1270 1049 
2410 1254 1257 924 
2411 763 1279 1278 
2412 759 1274 1124 
2413 762 1277 1138 
2414 768 1276 1272 
2415 91 1275 90 
2416 822 1278 204 
2417 1273 1274 200 
2418 1124 1274 1273 
2419 1138 1276 758 
2420 765 1279 763 
2421 155 1277 822 
2422 1027 1280 174 
2423 1251 1267 782 
2424 763 1278 762 
2425 1277 1278 822 
2426 204 1279 1027 
2427 762 1278 1277 
2428 859 1266 1265 
2429 779 1280 765 
2430 765 1280 1279 
2431 1279 1280 1027 
2432 1272 1276 155 
2433 625 1281 614 
2434 614 1281 616 
2435 616 1281 619 
2436 615 1282 612 
2437 611 1282 628 
2438 628 1282 358 
2439 1287 1290 627 
2440 888 1287 627 
2441 612 1282 611 
2442 617 1283 615 
2443 615 1283 1282 
2444 1068 1284 828 
2445 617 1284 1283 
2446 1282 1283 358 
2447 828 1285 388 
2448 358 1283 905 
2449 1285 1286 388 
2450 1283 1284 905 
2451 623 1286 620 
2452 1284 1285 828 
2453 405 1287 964 
2454 884 1287 888 
2455 905 1284 1068 
2456 375 1288 377 
2457 623 1288 1286 
2458 1288 1289 377 
2459 377 1289 931 
2460 618 1285 617 
2461 617 1285 1284 
2462 1289 1290 931 
2463 618 1286 1285 
2464 931 1290 405 
2465 620 1286 618 
2466 964 1287 884 
2467 1286 1288 388 
2468 388 1288 375 
2469 1342 1383 1072 
2470 623 1289 1288 
2471 624 1289 623 
2472 624 1290 1289 
2473 627 1290 624 
2474 589 1328 1192 
2475 516 1291 563 
2476 875 1323 876 
2477 182 1294 54 
2478 52 1293 170 
2479 524 1302 561 
2480 11 1319 175 
2481 57 1298 207 
2482 1008 1300 1007 
2483 50 1297 190 
2484 170 1297 51 
2485 585 1295 574 
2486 996 1306 997 
2487 40 1313 206 
2488 833 1304 1022 
2489 15 1299 167 
2490 1018 1304 1019 
2491 837 1303 832 
2492 1079 1312 1080 
2493 469 1309 490 
2494 459 1316 491 
2495 1070 1307 1071 
2496 556 1291 1136 
2497 208 1299 16 
2498 443 1311 488 
2499 45 1314 178 
2500 985 1317 982 
2501 162 1313 41 
2502 498 1308 447 
2503 1103 1316 461 
2504 475 1320 492 
2505 210 1298 58 
2506 984 1317 989 
2507 492 1310 473 
2508 834 1321 837 
2509 876 1326 873 
2510 163 1315 47 
2511 453 1325 489 
2512 1132 1305 916 
2513 201 1319 12 
2514 1108 1295 588 
2515 491 1324 457 
2516 840 1321 836 
2517 559 1302 525 
2518 449 1327 498 
2519 842 1326 841 
2520 976 1323 853 
2521 489 1327 451 
2522 497 1322 479 
2523 564 1292 643 
2524 175 1329 10 
2525 8 1330 188 
2526 886 1331 566 
2527 565 1331 583 
2528 188 1332 7 
2529 581 1328 587 
2530 142 1333 141 
2531 562 1380 1379 
2532 586 1380 562 
2533 584 1375 556 
2534 1133 1376 162 
2535 1093 1374 1373 
2536 821 1377 1133 
2537 1093 1373 816 
2538 561 1372 586 
2539 1133 1377 1376 
2540 1154 1379 1378 
2541 813 1374 1093 
2542 562 1379 1154 
2543 1154 1378 497 
2544 1340 1381 613 
2545 1368 1377 821 
2546 885 1383 1342 
2547 80 1335 79 
2548 594 1335 1259 
2549 6 1336 5 
2550 54 1294 53 
2551 563 1292 564 
2552 53 1293 52 
2553 1296 1318 860 
2554 1136 1291 516 
2555 574 1295 1108 
2556 860 1318 163 
2557 1007 1300 201 
2558 51 1297 50 
2559 525 1302 524 
2560 58 1298 57 
2561 853 1323 875 
2562 16 1299 15 
2563 190 1296 860 
2564 1080 1305 1132 
2565 832 1303 833 
2566 1022 1304 1018 
2567 206 1306 996 
2568 461 1316 459 
2569 53 1294 1293 
2570 471 1309 469 
2571 12 1319 11 
2572 477 1322 1320 
2573 490 1307 1070 
2574 820 1301 821 
2575 1308 1311 445 
2576 471 1310 1309 
2577 447 1308 445 
2578 488 1312 1079 
2579 41 1313 40 
2580 445 1311 443 
2581 473 1310 471 
2582 46 1315 1314 
2583 46 1314 45 
2584 982 1317 984 
2585 47 1315 46 
2586 477 1320 475 
2587 836 1321 834 
2588 479 1322 477 
2589 457 1324 455 
2590 873 1326 842 
2591 1324 1325 455 
2592 455 1325 453 
2593 451 1327 449 
2594 1192 1328 581 
2595 10 1329 9 
2596 9 1330 8 
2597 1329 1330 9 
2598 566 1331 565 
2599 7 1332 6 
2600 563 1366 1292 
2601 190 1364 1296 
2602 1303 1369 833 
2603 1300 1370 201 
2604 1301 1368 821 
2605 1318 1367 163 
2606 488 1363 1312 
2607 820 1362 1301 
2608 206 1365 1306 
2609 490 1360 1307 
2610 1080 1361 1305 
2611 169 1333 142 
2612 205 1345 1066 
2613 643 1334 641 
2614 176 1347 1084 
2615 1333 1344 141 
2616 181 1381 1340 
2617 635 1338 632 
2618 596 1338 597 
2619 168 1346 962 
2620 610 1340 613 
2621 1336 1342 211 
2622 1259 1335 80 
2623 950 1341 61 
2624 186 1355 606 
2625 625 1344 1333 
2626 608 1340 607 
2627 636 1343 635 
2628 140 1344 181 
2629 622 1345 626 
2630 887 1348 1067 
2631 1314 1373 178 
2632 1299 1372 167 
2633 182 1375 1294 
2634 208 1380 1299 
2635 599 1346 570 
2636 1177 1347 590 
2637 1067 1348 148 
2638 147 1348 172 
2639 186 1349 136 
2640 212 1350 77 
2641 76 1350 187 
2642 69 1351 168 
2643 196 1351 70 
2644 1281 1352 619 
2645 1332 1336 6 
2646 882 1353 885 
2647 641 1354 640 
2648 896 1343 196 
2649 586 1372 1299 
2650 816 1373 1314 
2651 1299 1380 586 
2652 1294 1375 584 
2653 626 1337 627 
2654 5 1358 1 
2655 1 1358 152 
2656 79 1357 3 
2657 3 1357 78 
2658 134 1359 4 
2659 4 1359 133 
2660 209 1359 601 
2661 916 1365 915 
2662 487 1362 1077 
2663 997 1361 1009 
2664 577 1364 575 
2665 1019 1360 1107 
2666 855 1363 852 
2667 920 1368 487 
2668 493 1369 1103 
2669 207 1366 1020 
2670 560 1370 559 
2671 814 1367 826 
2672 211 1342 1072 
2673 582 1339 599 
2674 137 1355 186 
2675 1334 1341 950 
2676 595 1356 187 
2677 627 1337 888 
2678 210 1341 1334 
2679 2 1371 59 
2680 60 1371 2 
2681 590 1339 582 
2682 1292 1366 207 
2683 1296 1364 577 
2684 1305 1361 997 
2685 1301 1362 487 
2686 1307 1360 1019 
2687 1306 1365 916 
2688 1312 1363 855 
2689 487 1368 1301 
2690 1103 1369 1303 
2691 559 1370 1300 
2692 826 1367 1318 
2693 172 1337 1050 
2694 632 1338 596 
2695 203 1339 961 
2696 187 1356 75 
2697 607 1340 610 
2698 61 1341 60 
2699 135 1349 601 
2700 74 1356 597 
2701 885 1342 886 
2702 1149 1343 636 
2703 141 1344 140 
2704 621 1345 622 
2705 75 1356 74 
2706 570 1346 869 
2707 642 1347 1177 
2708 608 1355 138 
2709 148 1348 147 
2710 601 1349 602 
2711 136 1349 135 
2712 77 1350 76 
2713 70 1351 69 
2714 619 1352 621 
2715 883 1353 882 
2716 640 1354 642 
2717 138 1355 137 
2718 606 1355 608 
2719 597 1356 595 
2720 1335 1357 79 
2721 1336 1358 5 
2722 641 1384 1354 
2723 1353 1383 885 
2724 1281 1382 1352 
2725 210 1371 1341 
2726 59 1371 210 
2727 152 1358 211 
2728 78 1357 212 
2729 133 1359 209 
2730 1009 1361 855 
2731 575 1364 585 
2732 1107 1360 986 
2733 1077 1362 813 
2734 852 1363 856 
2735 915 1365 918 
2736 1020 1366 1021 
2737 919 1368 920 
2738 815 1367 814 
2739 1071 1369 493 
2740 587 1370 560 
2741 919 1377 1368 
2742 1344 1381 181 
2743 167 1372 1008 
2744 1373 1374 818 
2745 178 1373 818 
2746 818 1374 820 
2747 1379 1380 994 
2748 1021 1375 182 
2749 994 1380 208 
2750 918 1376 917 
2751 917 1377 919 
2752 1376 1377 917 
2753 990 1378 991 
2754 991 1379 994 
2755 1378 1379 991 
2756 613 1381 625 
2757 1072 1383 184 
2758 198 1384 950 
2759 212 1357 1335 
2760 211 1358 1336 
2761 169 1382 1333 
2762 1341 1371 60 
2763 625 1381 1344 
2764 1352 1382 169 
2765 1354 1384 198 
2766 184 1383 1353 
$EndElements
